municipios,vacinados_parcial_F_17,vacinados_parcial_M_17,vacinados_completo_F_17,vacinados_completo_M_17,vacinados_parcial_F_35,vacinados_parcial_M_35,vacinados_completo_F_35,vacinados_completo_M_35,vacinados_parcial_F_59,vacinados_parcial_M_59,vacinados_completo_F_59,vacinados_completo_M_59,vacinados_parcial_F_200,vacinados_parcial_M_200,vacinados_completo_F_200,vacinados_completo_M_200,date
NOSSA SENHORA DO SOCORRO,0.0,0.0,0.0,0.0,0.0,0.0,0.0,0.0,0.0,0.0,0.0,0.0,0.0,0.0,0.0,0.0,2021-01-01
LAGARTO,0.0,0.0,0.0,0.0,0.0,0.0,0.0,0.0,0.0,0.0,0.0,0.0,0.0,0.0,0.0,0.0,2021-01-01
CANINDE DE SAO FRANCISCO,0.0,0.0,0.0,0.0,0.0,0.0,0.0,0.0,0.0,0.0,0.0,0.0,0.0,0.0,0.0,0.0,2021-01-01
MARUIM,0.0,0.0,0.0,0.0,0.0,0.0,0.0,0.0,0.0,0.0,0.0,0.0,0.0,0.0,0.0,0.0,2021-01-01
ARACAJU,0.0,0.0,0.0,0.0,0.0,0.0,0.0,0.0,0.0,0.0,0.0,0.0,0.0,0.0,0.0,0.0,2021-01-01
TOBIAS BARRETO,0.0,0.0,0.0,0.0,0.0,0.0,0.0,0.0,0.0,0.0,0.0,0.0,0.0,0.0,0.0,0.0,2021-01-01
LARANJEIRAS,0.0,0.0,0.0,0.0,0.0,0.0,0.0,0.0,0.0,0.0,0.0,0.0,0.0,0.0,0.0,0.0,2021-01-01
CAPELA,0.0,0.0,0.0,0.0,0.0,0.0,0.0,0.0,0.0,0.0,0.0,0.0,0.0,0.0,0.0,0.0,2021-01-01
ESTANCIA,0.0,0.0,0.0,0.0,0.0,0.0,0.0,0.0,0.0,0.0,0.0,0.0,0.0,0.0,0.0,0.0,2021-01-01
MOITA BONITA,0.0,0.0,0.0,0.0,0.0,0.0,0.0,0.0,0.0,0.0,0.0,0.0,0.0,0.0,0.0,0.0,2021-01-01
TOMAR DO GERU,0.0,0.0,0.0,0.0,0.0,0.0,0.0,0.0,0.0,0.0,0.0,0.0,0.0,0.0,0.0,0.0,2021-01-01
ITABAIANINHA,0.0,0.0,0.0,0.0,0.0,0.0,0.0,0.0,0.0,0.0,0.0,0.0,0.0,0.0,0.0,0.0,2021-01-01
ITABAIANA,0.0,0.0,0.0,0.0,0.0,0.0,0.0,0.0,0.0,0.0,0.0,0.0,0.0,0.0,0.0,0.0,2021-01-01
NOSSA SENHORA DA GLORIA,0.0,0.0,0.0,0.0,0.0,0.0,0.0,0.0,0.0,0.0,0.0,0.0,0.0,0.0,0.0,0.0,2021-01-01
FREI PAULO,0.0,0.0,0.0,0.0,0.0,0.0,0.0,0.0,0.0,0.0,0.0,0.0,0.0,0.0,0.0,0.0,2021-01-01
SAO MIGUEL DO ALEIXO,0.0,0.0,0.0,0.0,0.0,0.0,0.0,0.0,0.0,0.0,0.0,0.0,0.0,0.0,0.0,0.0,2021-01-01
BOQUIM,0.0,0.0,0.0,0.0,0.0,0.0,0.0,0.0,0.0,0.0,0.0,0.0,0.0,0.0,0.0,0.0,2021-01-01
JAPOATA,0.0,0.0,0.0,0.0,0.0,0.0,0.0,0.0,0.0,0.0,0.0,0.0,0.0,0.0,0.0,0.0,2021-01-01
SIMAO DIAS,0.0,0.0,0.0,0.0,0.0,0.0,0.0,0.0,0.0,0.0,0.0,0.0,0.0,0.0,0.0,0.0,2021-01-01
POCO REDONDO,0.0,0.0,0.0,0.0,0.0,0.0,0.0,0.0,0.0,0.0,0.0,0.0,0.0,0.0,0.0,0.0,2021-01-01
SANTA LUZIA DO ITANHY,0.0,0.0,0.0,0.0,0.0,0.0,0.0,0.0,0.0,0.0,0.0,0.0,0.0,0.0,0.0,0.0,2021-01-01
PINHAO,0.0,0.0,0.0,0.0,0.0,0.0,0.0,0.0,0.0,0.0,0.0,0.0,0.0,0.0,0.0,0.0,2021-01-01
AREIA BRANCA,0.0,0.0,0.0,0.0,0.0,0.0,0.0,0.0,0.0,0.0,0.0,0.0,0.0,0.0,0.0,0.0,2021-01-01
MONTE ALEGRE DE SERGIPE,0.0,0.0,0.0,0.0,0.0,0.0,0.0,0.0,0.0,0.0,0.0,0.0,0.0,0.0,0.0,0.0,2021-01-01
RIACHAO DO DANTAS,0.0,0.0,0.0,0.0,0.0,0.0,0.0,0.0,0.0,0.0,0.0,0.0,0.0,0.0,0.0,0.0,2021-01-01
ITAPORANGA D'AJUDA,0.0,0.0,0.0,0.0,0.0,0.0,0.0,0.0,0.0,0.0,0.0,0.0,0.0,0.0,0.0,0.0,2021-01-01
NEOPOLIS,0.0,0.0,0.0,0.0,0.0,0.0,0.0,0.0,0.0,0.0,0.0,0.0,0.0,0.0,0.0,0.0,2021-01-01
CEDRO DE SAO JOAO,0.0,0.0,0.0,0.0,0.0,0.0,0.0,0.0,0.0,0.0,0.0,0.0,0.0,0.0,0.0,0.0,2021-01-01
PORTO DA FOLHA,0.0,0.0,0.0,0.0,0.0,0.0,0.0,0.0,0.0,0.0,0.0,0.0,0.0,0.0,0.0,0.0,2021-01-01
GARARU,0.0,0.0,0.0,0.0,0.0,0.0,0.0,0.0,0.0,0.0,0.0,0.0,0.0,0.0,0.0,0.0,2021-01-01
NOSSA SENHORA DAS DORES,0.0,0.0,0.0,0.0,0.0,0.0,0.0,0.0,0.0,0.0,0.0,0.0,0.0,0.0,0.0,0.0,2021-01-01
PIRAMBU,0.0,0.0,0.0,0.0,0.0,0.0,0.0,0.0,0.0,0.0,0.0,0.0,0.0,0.0,0.0,0.0,2021-01-01
INDIAROBA,0.0,0.0,0.0,0.0,0.0,0.0,0.0,0.0,0.0,0.0,0.0,0.0,0.0,0.0,0.0,0.0,2021-01-01
AQUIDABA,0.0,0.0,0.0,0.0,0.0,0.0,0.0,0.0,0.0,0.0,0.0,0.0,0.0,0.0,0.0,0.0,2021-01-01
ILHA DAS FLORES,0.0,0.0,0.0,0.0,0.0,0.0,0.0,0.0,0.0,0.0,0.0,0.0,0.0,0.0,0.0,0.0,2021-01-01
SAO CRISTOVAO,0.0,0.0,0.0,0.0,0.0,0.0,0.0,0.0,0.0,0.0,0.0,0.0,0.0,0.0,0.0,0.0,2021-01-01
MACAMBIRA,0.0,0.0,0.0,0.0,0.0,0.0,0.0,0.0,0.0,0.0,0.0,0.0,0.0,0.0,0.0,0.0,2021-01-01
ARAUA,0.0,0.0,0.0,0.0,0.0,0.0,0.0,0.0,0.0,0.0,0.0,0.0,0.0,0.0,0.0,0.0,2021-01-01
JAPARATUBA,0.0,0.0,0.0,0.0,0.0,0.0,0.0,0.0,0.0,0.0,0.0,0.0,0.0,0.0,0.0,0.0,2021-01-01
MALHADOR,0.0,0.0,0.0,0.0,0.0,0.0,0.0,0.0,0.0,0.0,0.0,0.0,0.0,0.0,0.0,0.0,2021-01-01
NOSSA SENHORA APARECIDA,0.0,0.0,0.0,0.0,0.0,0.0,0.0,0.0,0.0,0.0,0.0,0.0,0.0,0.0,0.0,0.0,2021-01-01
PROPRIA,0.0,0.0,0.0,0.0,0.0,0.0,0.0,0.0,0.0,0.0,0.0,0.0,0.0,0.0,0.0,0.0,2021-01-01
POCO VERDE,0.0,0.0,0.0,0.0,0.0,0.0,0.0,0.0,0.0,0.0,0.0,0.0,0.0,0.0,0.0,0.0,2021-01-01
CARIRA,0.0,0.0,0.0,0.0,0.0,0.0,0.0,0.0,0.0,0.0,0.0,0.0,0.0,0.0,0.0,0.0,2021-01-01
BREJO GRANDE,0.0,0.0,0.0,0.0,0.0,0.0,0.0,0.0,0.0,0.0,0.0,0.0,0.0,0.0,0.0,0.0,2021-01-01
PEDRA MOLE,0.0,0.0,0.0,0.0,0.0,0.0,0.0,0.0,0.0,0.0,0.0,0.0,0.0,0.0,0.0,0.0,2021-01-01
BARRA DOS COQUEIROS,0.0,0.0,0.0,0.0,0.0,0.0,0.0,0.0,0.0,0.0,0.0,0.0,0.0,0.0,0.0,0.0,2021-01-01
DIVINA PASTORA,0.0,0.0,0.0,0.0,0.0,0.0,0.0,0.0,0.0,0.0,0.0,0.0,0.0,0.0,0.0,0.0,2021-01-01
SANTA ROSA DE LIMA,0.0,0.0,0.0,0.0,0.0,0.0,0.0,0.0,0.0,0.0,0.0,0.0,0.0,0.0,0.0,0.0,2021-01-01
SANTANA DO SAO FRANCISCO,0.0,0.0,0.0,0.0,0.0,0.0,0.0,0.0,0.0,0.0,0.0,0.0,0.0,0.0,0.0,0.0,2021-01-01
PACATUBA,0.0,0.0,0.0,0.0,0.0,0.0,0.0,0.0,0.0,0.0,0.0,0.0,0.0,0.0,0.0,0.0,2021-01-01
SALGADO,0.0,0.0,0.0,0.0,0.0,0.0,0.0,0.0,0.0,0.0,0.0,0.0,0.0,0.0,0.0,0.0,2021-01-01
RIBEIROPOLIS,0.0,0.0,0.0,0.0,0.0,0.0,0.0,0.0,0.0,0.0,0.0,0.0,0.0,0.0,0.0,0.0,2021-01-01
PEDRINHAS,0.0,0.0,0.0,0.0,0.0,0.0,0.0,0.0,0.0,0.0,0.0,0.0,0.0,0.0,0.0,0.0,2021-01-01
CAMPO DO BRITO,0.0,0.0,0.0,0.0,0.0,0.0,0.0,0.0,0.0,0.0,0.0,0.0,0.0,0.0,0.0,0.0,2021-01-01
CRISTINAPOLIS,0.0,0.0,0.0,0.0,0.0,0.0,0.0,0.0,0.0,0.0,0.0,0.0,0.0,0.0,0.0,0.0,2021-01-01
CANHOBA,0.0,0.0,0.0,0.0,0.0,0.0,0.0,0.0,0.0,0.0,0.0,0.0,0.0,0.0,0.0,0.0,2021-01-01
MALHADA DOS BOIS,0.0,0.0,0.0,0.0,0.0,0.0,0.0,0.0,0.0,0.0,0.0,0.0,0.0,0.0,0.0,0.0,2021-01-01
CARMOPOLIS,0.0,0.0,0.0,0.0,0.0,0.0,0.0,0.0,0.0,0.0,0.0,0.0,0.0,0.0,0.0,0.0,2021-01-01
SIRIRI,0.0,0.0,0.0,0.0,0.0,0.0,0.0,0.0,0.0,0.0,0.0,0.0,0.0,0.0,0.0,0.0,2021-01-01
NOSSA SENHORA DE LOURDES,0.0,0.0,0.0,0.0,0.0,0.0,0.0,0.0,0.0,0.0,0.0,0.0,0.0,0.0,0.0,0.0,2021-01-01
ITABI,0.0,0.0,0.0,0.0,0.0,0.0,0.0,0.0,0.0,0.0,0.0,0.0,0.0,0.0,0.0,0.0,2021-01-01
SAO FRANCISCO,0.0,0.0,0.0,0.0,0.0,0.0,0.0,0.0,0.0,0.0,0.0,0.0,0.0,0.0,0.0,0.0,2021-01-01
UMBAUBA,0.0,0.0,0.0,0.0,0.0,0.0,0.0,0.0,0.0,0.0,0.0,0.0,0.0,0.0,0.0,0.0,2021-01-01
ROSARIO DO CATETE,0.0,0.0,0.0,0.0,0.0,0.0,0.0,0.0,0.0,0.0,0.0,0.0,0.0,0.0,0.0,0.0,2021-01-01
CUMBE,0.0,0.0,0.0,0.0,0.0,0.0,0.0,0.0,0.0,0.0,0.0,0.0,0.0,0.0,0.0,0.0,2021-01-01
RIACHUELO,0.0,0.0,0.0,0.0,0.0,0.0,0.0,0.0,0.0,0.0,0.0,0.0,0.0,0.0,0.0,0.0,2021-01-01
GENERAL MAYNARD,0.0,0.0,0.0,0.0,0.0,0.0,0.0,0.0,0.0,0.0,0.0,0.0,0.0,0.0,0.0,0.0,2021-01-01
MURIBECA,0.0,0.0,0.0,0.0,0.0,0.0,0.0,0.0,0.0,0.0,0.0,0.0,0.0,0.0,0.0,0.0,2021-01-01
GRACHO CARDOSO,0.0,0.0,0.0,0.0,0.0,0.0,0.0,0.0,0.0,0.0,0.0,0.0,0.0,0.0,0.0,0.0,2021-01-01
FEIRA NOVA,0.0,0.0,0.0,0.0,0.0,0.0,0.0,0.0,0.0,0.0,0.0,0.0,0.0,0.0,0.0,0.0,2021-01-01
SAO DOMINGOS,0.0,0.0,0.0,0.0,0.0,0.0,0.0,0.0,0.0,0.0,0.0,0.0,0.0,0.0,0.0,0.0,2021-01-01
TELHA,0.0,0.0,0.0,0.0,0.0,0.0,0.0,0.0,0.0,0.0,0.0,0.0,0.0,0.0,0.0,0.0,2021-01-01
SANTO AMARO DAS BROTAS,0.0,0.0,0.0,0.0,0.0,0.0,0.0,0.0,0.0,0.0,0.0,0.0,0.0,0.0,0.0,0.0,2021-01-01
AMPARO DE SAO FRANCISCO,0.0,0.0,0.0,0.0,0.0,0.0,0.0,0.0,0.0,0.0,0.0,0.0,0.0,0.0,0.0,0.0,2021-01-01
NOSSA SENHORA DO SOCORRO,0.0,0.0,0.0,0.0,0.0,39.0,0.0,0.0,0.0,86.0,0.0,1.0,1.0,21.0,1.0,0.0,2021-02-01
LAGARTO,0.0,0.0,0.0,0.0,0.0,198.0,0.0,0.0,0.0,181.0,0.0,0.0,0.0,34.0,0.0,0.0,2021-02-01
CANINDE DE SAO FRANCISCO,0.0,0.0,0.0,0.0,1.0,10.0,1.0,0.0,1.0,47.0,1.0,0.0,0.0,4.0,0.0,0.0,2021-02-01
MARUIM,0.0,0.0,0.0,0.0,0.0,3.0,0.0,0.0,0.0,20.0,0.0,0.0,0.0,2.0,0.0,0.0,2021-02-01
ARACAJU,0.0,1.0,0.0,0.0,0.0,660.0,0.0,0.0,2.0,1073.0,2.0,0.0,0.0,185.0,0.0,0.0,2021-02-01
TOBIAS BARRETO,0.0,0.0,0.0,0.0,0.0,55.0,0.0,0.0,0.0,85.0,0.0,0.0,0.0,27.0,0.0,0.0,2021-02-01
LARANJEIRAS,0.0,0.0,0.0,0.0,0.0,4.0,0.0,0.0,0.0,18.0,0.0,0.0,0.0,0.0,0.0,0.0,2021-02-01
CAPELA,0.0,0.0,0.0,0.0,0.0,24.0,0.0,0.0,0.0,40.0,0.0,0.0,0.0,2.0,0.0,0.0,2021-02-01
ESTANCIA,0.0,0.0,0.0,0.0,0.0,37.0,0.0,0.0,0.0,42.0,0.0,0.0,2.0,17.0,2.0,0.0,2021-02-01
MOITA BONITA,0.0,0.0,0.0,0.0,0.0,8.0,0.0,0.0,0.0,9.0,0.0,0.0,0.0,1.0,0.0,0.0,2021-02-01
TOMAR DO GERU,0.0,0.0,0.0,0.0,0.0,6.0,0.0,0.0,0.0,26.0,0.0,0.0,0.0,0.0,0.0,0.0,2021-02-01
ITABAIANINHA,0.0,0.0,0.0,0.0,0.0,25.0,0.0,0.0,0.0,40.0,0.0,0.0,0.0,4.0,0.0,0.0,2021-02-01
ITABAIANA,0.0,0.0,0.0,0.0,0.0,87.0,0.0,0.0,0.0,115.0,0.0,0.0,2.0,55.0,2.0,0.0,2021-02-01
NOSSA SENHORA DA GLORIA,0.0,1.0,0.0,0.0,0.0,18.0,0.0,0.0,0.0,34.0,0.0,0.0,0.0,14.0,0.0,0.0,2021-02-01
FREI PAULO,0.0,0.0,0.0,0.0,0.0,28.0,0.0,0.0,0.0,17.0,0.0,0.0,0.0,0.0,0.0,0.0,2021-02-01
SAO MIGUEL DO ALEIXO,0.0,0.0,0.0,0.0,0.0,9.0,0.0,0.0,0.0,3.0,0.0,0.0,0.0,0.0,0.0,0.0,2021-02-01
BOQUIM,0.0,0.0,0.0,0.0,0.0,16.0,0.0,0.0,0.0,28.0,0.0,0.0,0.0,8.0,0.0,0.0,2021-02-01
JAPOATA,0.0,0.0,0.0,0.0,0.0,6.0,0.0,0.0,0.0,7.0,0.0,0.0,0.0,4.0,0.0,0.0,2021-02-01
SIMAO DIAS,0.0,0.0,0.0,0.0,0.0,32.0,0.0,0.0,0.0,54.0,0.0,0.0,0.0,6.0,0.0,0.0,2021-02-01
POCO REDONDO,0.0,0.0,0.0,0.0,0.0,19.0,0.0,0.0,0.0,56.0,0.0,0.0,0.0,9.0,0.0,0.0,2021-02-01
SANTA LUZIA DO ITANHY,0.0,0.0,0.0,0.0,0.0,7.0,0.0,0.0,0.0,11.0,0.0,0.0,0.0,2.0,0.0,0.0,2021-02-01
PINHAO,0.0,0.0,0.0,0.0,0.0,3.0,0.0,0.0,0.0,2.0,0.0,0.0,0.0,0.0,0.0,0.0,2021-02-01
AREIA BRANCA,0.0,0.0,0.0,0.0,0.0,14.0,0.0,0.0,0.0,28.0,0.0,0.0,0.0,2.0,0.0,0.0,2021-02-01
MONTE ALEGRE DE SERGIPE,0.0,0.0,0.0,0.0,0.0,12.0,0.0,0.0,0.0,21.0,0.0,0.0,0.0,1.0,0.0,0.0,2021-02-01
RIACHAO DO DANTAS,0.0,0.0,0.0,0.0,0.0,31.0,0.0,0.0,0.0,28.0,0.0,0.0,0.0,0.0,0.0,0.0,2021-02-01
ITAPORANGA D'AJUDA,0.0,0.0,0.0,0.0,0.0,20.0,0.0,0.0,0.0,23.0,0.0,0.0,0.0,2.0,0.0,0.0,2021-02-01
NEOPOLIS,0.0,0.0,0.0,0.0,0.0,8.0,0.0,0.0,0.0,17.0,0.0,0.0,0.0,4.0,0.0,0.0,2021-02-01
CEDRO DE SAO JOAO,0.0,0.0,0.0,0.0,0.0,10.0,0.0,0.0,0.0,1.0,0.0,0.0,0.0,0.0,0.0,0.0,2021-02-01
PORTO DA FOLHA,0.0,0.0,0.0,0.0,0.0,67.0,0.0,0.0,0.0,65.0,0.0,1.0,0.0,18.0,0.0,0.0,2021-02-01
GARARU,0.0,0.0,0.0,0.0,0.0,1.0,0.0,0.0,0.0,8.0,0.0,0.0,0.0,0.0,0.0,0.0,2021-02-01
NOSSA SENHORA DAS DORES,0.0,0.0,0.0,0.0,2.0,14.0,2.0,0.0,1.0,65.0,1.0,0.0,0.0,7.0,0.0,0.0,2021-02-01
PIRAMBU,0.0,0.0,0.0,0.0,1.0,5.0,1.0,0.0,0.0,14.0,0.0,0.0,0.0,0.0,0.0,0.0,2021-02-01
INDIAROBA,0.0,0.0,0.0,0.0,0.0,9.0,0.0,0.0,0.0,20.0,0.0,0.0,0.0,4.0,0.0,0.0,2021-02-01
AQUIDABA,0.0,0.0,0.0,0.0,0.0,18.0,0.0,0.0,0.0,15.0,0.0,0.0,0.0,8.0,0.0,0.0,2021-02-01
ILHA DAS FLORES,0.0,0.0,0.0,0.0,0.0,2.0,0.0,0.0,0.0,8.0,0.0,0.0,0.0,0.0,0.0,0.0,2021-02-01
SAO CRISTOVAO,0.0,0.0,0.0,0.0,0.0,40.0,0.0,0.0,0.0,76.0,0.0,0.0,0.0,1.0,0.0,0.0,2021-02-01
MACAMBIRA,0.0,0.0,0.0,0.0,0.0,5.0,0.0,0.0,0.0,4.0,0.0,0.0,0.0,0.0,0.0,1.0,2021-02-01
ARAUA,0.0,0.0,0.0,0.0,0.0,3.0,0.0,0.0,0.0,18.0,0.0,0.0,1.0,0.0,1.0,0.0,2021-02-01
JAPARATUBA,0.0,0.0,0.0,0.0,0.0,13.0,0.0,0.0,0.0,32.0,0.0,1.0,0.0,1.0,0.0,0.0,2021-02-01
MALHADOR,0.0,0.0,0.0,0.0,0.0,3.0,0.0,0.0,0.0,1.0,0.0,0.0,0.0,1.0,0.0,0.0,2021-02-01
NOSSA SENHORA APARECIDA,0.0,0.0,0.0,0.0,0.0,4.0,0.0,0.0,0.0,9.0,0.0,2.0,0.0,1.0,0.0,0.0,2021-02-01
PROPRIA,0.0,0.0,0.0,0.0,0.0,20.0,0.0,0.0,1.0,50.0,1.0,0.0,0.0,14.0,0.0,2.0,2021-02-01
POCO VERDE,0.0,0.0,0.0,0.0,0.0,19.0,0.0,0.0,0.0,22.0,0.0,0.0,0.0,1.0,0.0,0.0,2021-02-01
CARIRA,0.0,0.0,0.0,0.0,0.0,8.0,0.0,0.0,0.0,21.0,0.0,0.0,0.0,0.0,0.0,0.0,2021-02-01
BREJO GRANDE,0.0,0.0,0.0,0.0,0.0,4.0,0.0,0.0,0.0,1.0,0.0,0.0,0.0,0.0,0.0,0.0,2021-02-01
PEDRA MOLE,0.0,0.0,0.0,0.0,0.0,3.0,0.0,0.0,0.0,4.0,0.0,0.0,0.0,0.0,0.0,0.0,2021-02-01
BARRA DOS COQUEIROS,0.0,0.0,0.0,0.0,0.0,10.0,0.0,0.0,0.0,27.0,0.0,0.0,0.0,1.0,0.0,0.0,2021-02-01
DIVINA PASTORA,0.0,0.0,0.0,0.0,0.0,5.0,0.0,0.0,0.0,23.0,0.0,0.0,0.0,0.0,0.0,0.0,2021-02-01
SANTA ROSA DE LIMA,0.0,0.0,0.0,0.0,0.0,0.0,0.0,0.0,0.0,7.0,0.0,0.0,0.0,1.0,0.0,0.0,2021-02-01
SANTANA DO SAO FRANCISCO,0.0,0.0,0.0,0.0,0.0,5.0,0.0,0.0,0.0,17.0,0.0,0.0,0.0,2.0,0.0,0.0,2021-02-01
PACATUBA,0.0,0.0,0.0,0.0,0.0,14.0,0.0,0.0,0.0,17.0,0.0,0.0,0.0,0.0,0.0,0.0,2021-02-01
SALGADO,0.0,0.0,0.0,0.0,0.0,10.0,0.0,0.0,1.0,18.0,1.0,0.0,0.0,2.0,0.0,0.0,2021-02-01
RIBEIROPOLIS,0.0,0.0,0.0,0.0,0.0,24.0,0.0,0.0,0.0,30.0,0.0,0.0,0.0,27.0,0.0,0.0,2021-02-01
PEDRINHAS,0.0,0.0,0.0,0.0,0.0,4.0,0.0,0.0,0.0,10.0,0.0,0.0,0.0,2.0,0.0,0.0,2021-02-01
CAMPO DO BRITO,0.0,0.0,0.0,0.0,0.0,11.0,0.0,0.0,0.0,13.0,0.0,0.0,0.0,2.0,0.0,0.0,2021-02-01
CRISTINAPOLIS,0.0,0.0,0.0,0.0,0.0,26.0,0.0,0.0,0.0,30.0,0.0,0.0,0.0,2.0,0.0,0.0,2021-02-01
CANHOBA,0.0,0.0,0.0,0.0,0.0,7.0,0.0,0.0,0.0,13.0,0.0,0.0,0.0,0.0,0.0,0.0,2021-02-01
MALHADA DOS BOIS,0.0,0.0,0.0,0.0,0.0,3.0,0.0,0.0,0.0,8.0,0.0,0.0,0.0,0.0,0.0,0.0,2021-02-01
CARMOPOLIS,0.0,0.0,0.0,0.0,0.0,4.0,0.0,0.0,0.0,9.0,0.0,0.0,0.0,1.0,0.0,0.0,2021-02-01
SIRIRI,0.0,0.0,0.0,0.0,0.0,11.0,0.0,0.0,0.0,15.0,0.0,0.0,0.0,0.0,0.0,0.0,2021-02-01
NOSSA SENHORA DE LOURDES,0.0,0.0,0.0,0.0,0.0,4.0,0.0,0.0,0.0,19.0,0.0,0.0,0.0,1.0,0.0,0.0,2021-02-01
ITABI,0.0,0.0,0.0,0.0,0.0,3.0,0.0,0.0,0.0,2.0,0.0,0.0,0.0,0.0,0.0,0.0,2021-02-01
SAO FRANCISCO,0.0,0.0,0.0,0.0,0.0,3.0,0.0,0.0,0.0,4.0,0.0,0.0,0.0,0.0,0.0,0.0,2021-02-01
UMBAUBA,0.0,0.0,0.0,0.0,0.0,25.0,0.0,0.0,0.0,48.0,0.0,0.0,0.0,3.0,0.0,0.0,2021-02-01
ROSARIO DO CATETE,0.0,0.0,0.0,0.0,0.0,11.0,0.0,0.0,0.0,12.0,0.0,0.0,0.0,1.0,0.0,0.0,2021-02-01
CUMBE,0.0,0.0,0.0,0.0,0.0,3.0,0.0,0.0,0.0,12.0,0.0,0.0,0.0,2.0,0.0,0.0,2021-02-01
RIACHUELO,0.0,0.0,0.0,0.0,0.0,3.0,0.0,0.0,0.0,21.0,0.0,0.0,0.0,3.0,0.0,0.0,2021-02-01
GENERAL MAYNARD,0.0,0.0,0.0,0.0,1.0,7.0,1.0,1.0,0.0,13.0,0.0,1.0,0.0,1.0,0.0,0.0,2021-02-01
MURIBECA,0.0,0.0,0.0,0.0,0.0,6.0,0.0,0.0,0.0,7.0,0.0,0.0,0.0,0.0,0.0,0.0,2021-02-01
GRACHO CARDOSO,0.0,0.0,0.0,0.0,0.0,6.0,0.0,0.0,0.0,13.0,0.0,0.0,0.0,0.0,0.0,0.0,2021-02-01
FEIRA NOVA,0.0,0.0,0.0,0.0,0.0,2.0,0.0,0.0,0.0,6.0,0.0,0.0,0.0,0.0,0.0,0.0,2021-02-01
SAO DOMINGOS,0.0,0.0,0.0,0.0,0.0,2.0,0.0,0.0,0.0,4.0,0.0,0.0,0.0,0.0,0.0,0.0,2021-02-01
TELHA,0.0,0.0,0.0,0.0,0.0,3.0,0.0,0.0,0.0,11.0,0.0,0.0,1.0,0.0,1.0,1.0,2021-02-01
SANTO AMARO DAS BROTAS,0.0,0.0,0.0,0.0,0.0,6.0,0.0,0.0,0.0,24.0,0.0,0.0,0.0,3.0,0.0,0.0,2021-02-01
AMPARO DE SAO FRANCISCO,0.0,0.0,0.0,0.0,0.0,2.0,0.0,0.0,0.0,5.0,0.0,0.0,0.0,0.0,0.0,0.0,2021-02-01
NOSSA SENHORA DO SOCORRO,0.0,0.0,0.0,0.0,201.0,146.0,201.0,79.0,427.0,280.0,427.0,153.0,35.0,122.0,35.0,28.0,2021-03-01
LAGARTO,0.0,0.0,0.0,0.0,393.0,495.0,393.0,206.0,481.0,381.0,481.0,196.0,37.0,193.0,37.0,38.0,2021-03-01
CANINDE DE SAO FRANCISCO,0.0,0.0,0.0,0.0,24.0,14.0,24.0,10.0,49.0,59.0,49.0,36.0,0.0,26.0,0.0,3.0,2021-03-01
MARUIM,0.0,0.0,0.0,0.0,22.0,8.0,22.0,7.0,79.0,34.0,79.0,30.0,2.0,19.0,2.0,5.0,2021-03-01
ARACAJU,1.0,1.0,1.0,0.0,2348.0,1242.0,2348.0,689.0,3199.0,2051.0,3199.0,1154.0,230.0,857.0,230.0,196.0,2021-03-01
TOBIAS BARRETO,0.0,0.0,0.0,0.0,85.0,100.0,85.0,46.0,129.0,148.0,129.0,62.0,27.0,117.0,27.0,25.0,2021-03-01
LARANJEIRAS,0.0,0.0,0.0,0.0,16.0,16.0,16.0,7.0,97.0,79.0,97.0,33.0,7.0,22.0,7.0,2.0,2021-03-01
CAPELA,0.0,0.0,0.0,0.0,57.0,58.0,57.0,20.0,78.0,72.0,78.0,34.0,1.0,50.0,1.0,3.0,2021-03-01
ESTANCIA,0.0,0.0,0.0,0.0,135.0,108.0,135.0,36.0,165.0,167.0,165.0,46.0,23.0,86.0,23.0,18.0,2021-03-01
MOITA BONITA,0.0,0.0,0.0,0.0,24.0,11.0,24.0,12.0,39.0,10.0,39.0,9.0,1.0,26.0,1.0,0.0,2021-03-01
TOMAR DO GERU,0.0,0.0,0.0,0.0,19.0,10.0,19.0,10.0,28.0,31.0,28.0,32.0,0.0,13.0,0.0,0.0,2021-03-01
ITABAIANINHA,0.0,0.0,0.0,0.0,62.0,78.0,62.0,29.0,87.0,85.0,87.0,46.0,2.0,47.0,2.0,5.0,2021-03-01
ITABAIANA,0.0,0.0,0.0,0.0,196.0,212.0,196.0,79.0,303.0,299.0,303.0,108.0,71.0,183.0,71.0,52.0,2021-03-01
NOSSA SENHORA DA GLORIA,0.0,1.0,0.0,1.0,49.0,40.0,49.0,18.0,68.0,73.0,68.0,34.0,8.0,65.0,8.0,14.0,2021-03-01
FREI PAULO,0.0,0.0,0.0,0.0,57.0,29.0,57.0,28.0,28.0,18.0,28.0,16.0,1.0,22.0,1.0,0.0,2021-03-01
SAO MIGUEL DO ALEIXO,0.0,0.0,0.0,0.0,18.0,12.0,18.0,8.0,14.0,7.0,14.0,5.0,1.0,3.0,1.0,0.0,2021-03-01
BOQUIM,0.0,0.0,0.0,0.0,40.0,44.0,40.0,17.0,71.0,81.0,71.0,31.0,4.0,48.0,4.0,7.0,2021-03-01
JAPOATA,0.0,0.0,0.0,0.0,42.0,17.0,42.0,12.0,36.0,18.0,36.0,13.0,2.0,19.0,2.0,1.0,2021-03-01
SIMAO DIAS,0.0,0.0,0.0,0.0,69.0,71.0,69.0,29.0,110.0,80.0,110.0,53.0,6.0,81.0,6.0,6.0,2021-03-01
POCO REDONDO,0.0,0.0,0.0,0.0,42.0,30.0,42.0,13.0,90.0,71.0,90.0,44.0,8.0,52.0,8.0,6.0,2021-03-01
SANTA LUZIA DO ITANHY,0.0,0.0,0.0,0.0,11.0,12.0,11.0,7.0,36.0,25.0,36.0,17.0,3.0,9.0,3.0,3.0,2021-03-01
PINHAO,0.0,0.0,0.0,0.0,12.0,13.0,12.0,12.0,18.0,15.0,18.0,11.0,3.0,8.0,3.0,0.0,2021-03-01
AREIA BRANCA,0.0,0.0,0.0,0.0,30.0,25.0,30.0,16.0,68.0,38.0,68.0,36.0,2.0,21.0,2.0,2.0,2021-03-01
MONTE ALEGRE DE SERGIPE,0.0,0.0,0.0,0.0,22.0,16.0,22.0,12.0,24.0,26.0,24.0,19.0,2.0,15.0,2.0,1.0,2021-03-01
RIACHAO DO DANTAS,0.0,0.0,0.0,0.0,81.0,48.0,81.0,38.0,58.0,49.0,58.0,44.0,1.0,37.0,1.0,1.0,2021-03-01
ITAPORANGA D'AJUDA,0.0,0.0,0.0,0.0,71.0,43.0,71.0,34.0,75.0,78.0,75.0,54.0,5.0,33.0,5.0,2.0,2021-03-01
NEOPOLIS,0.0,0.0,0.0,0.0,24.0,31.0,24.0,12.0,57.0,59.0,57.0,25.0,2.0,23.0,2.0,8.0,2021-03-01
CEDRO DE SAO JOAO,0.0,0.0,0.0,0.0,38.0,23.0,38.0,16.0,22.0,10.0,22.0,8.0,0.0,9.0,0.0,1.0,2021-03-01
PORTO DA FOLHA,0.0,0.0,0.0,0.0,104.0,83.0,104.0,83.0,114.0,96.0,114.0,91.0,18.0,60.0,18.0,20.0,2021-03-01
GARARU,0.0,0.0,0.0,0.0,11.0,1.0,11.0,2.0,32.0,22.0,32.0,27.0,0.0,20.0,0.0,0.0,2021-03-01
NOSSA SENHORA DAS DORES,0.0,0.0,0.0,0.0,119.0,52.0,119.0,39.0,82.0,93.0,82.0,66.0,1.0,43.0,1.0,8.0,2021-03-01
PIRAMBU,0.0,0.0,0.0,0.0,38.0,12.0,38.0,11.0,32.0,30.0,32.0,27.0,1.0,9.0,1.0,1.0,2021-03-01
INDIAROBA,0.0,0.0,0.0,0.0,19.0,18.0,19.0,16.0,50.0,38.0,50.0,32.0,4.0,29.0,4.0,8.0,2021-03-01
AQUIDABA,0.0,0.0,0.0,0.0,56.0,32.0,56.0,28.0,63.0,57.0,63.0,49.0,11.0,52.0,11.0,10.0,2021-03-01
ILHA DAS FLORES,0.0,0.0,0.0,0.0,9.0,6.0,9.0,3.0,26.0,22.0,26.0,12.0,0.0,11.0,0.0,0.0,2021-03-01
SAO CRISTOVAO,0.0,0.0,0.0,0.0,11.0,48.0,11.0,8.0,16.0,86.0,16.0,8.0,0.0,16.0,0.0,0.0,2021-03-01
MACAMBIRA,0.0,0.0,0.0,0.0,14.0,7.0,14.0,6.0,23.0,5.0,23.0,6.0,2.0,14.0,2.0,1.0,2021-03-01
ARAUA,0.0,0.0,0.0,0.0,4.0,13.0,4.0,3.0,34.0,29.0,34.0,19.0,3.0,12.0,3.0,0.0,2021-03-01
JAPARATUBA,0.0,0.0,0.0,0.0,47.0,21.0,47.0,12.0,58.0,62.0,58.0,49.0,0.0,19.0,0.0,2.0,2021-03-01
MALHADOR,0.0,0.0,0.0,0.0,24.0,5.0,24.0,5.0,48.0,17.0,48.0,17.0,0.0,20.0,0.0,4.0,2021-03-01
NOSSA SENHORA APARECIDA,0.0,0.0,0.0,0.0,36.0,13.0,36.0,13.0,28.0,20.0,28.0,16.0,0.0,15.0,0.0,3.0,2021-03-01
PROPRIA,0.0,0.0,0.0,0.0,53.0,66.0,53.0,12.0,121.0,168.0,121.0,37.0,11.0,52.0,11.0,13.0,2021-03-01
POCO VERDE,0.0,0.0,0.0,0.0,49.0,32.0,49.0,22.0,61.0,32.0,61.0,30.0,2.0,40.0,2.0,1.0,2021-03-01
CARIRA,0.0,0.0,0.0,0.0,29.0,14.0,29.0,12.0,49.0,43.0,49.0,31.0,3.0,41.0,3.0,2.0,2021-03-01
BREJO GRANDE,0.0,0.0,0.0,0.0,19.0,6.0,19.0,6.0,21.0,6.0,21.0,4.0,0.0,8.0,0.0,0.0,2021-03-01
PEDRA MOLE,0.0,0.0,0.0,0.0,10.0,3.0,10.0,3.0,17.0,6.0,17.0,4.0,0.0,1.0,0.0,0.0,2021-03-01
BARRA DOS COQUEIROS,0.0,0.0,0.0,0.0,57.0,41.0,57.0,15.0,88.0,65.0,88.0,34.0,2.0,22.0,2.0,1.0,2021-03-01
DIVINA PASTORA,0.0,0.0,0.0,0.0,38.0,10.0,38.0,6.0,35.0,36.0,35.0,32.0,0.0,6.0,0.0,1.0,2021-03-01
SANTA ROSA DE LIMA,0.0,0.0,0.0,0.0,10.0,4.0,10.0,0.0,22.0,21.0,22.0,12.0,0.0,13.0,0.0,2.0,2021-03-01
SANTANA DO SAO FRANCISCO,0.0,0.0,0.0,0.0,7.0,10.0,7.0,4.0,16.0,22.0,16.0,18.0,0.0,8.0,0.0,1.0,2021-03-01
PACATUBA,0.0,0.0,0.0,0.0,23.0,17.0,23.0,15.0,33.0,29.0,33.0,28.0,0.0,18.0,0.0,1.0,2021-03-01
SALGADO,0.0,0.0,0.0,0.0,50.0,16.0,50.0,14.0,56.0,27.0,56.0,20.0,9.0,42.0,9.0,4.0,2021-03-01
RIBEIROPOLIS,0.0,0.0,0.0,0.0,45.0,29.0,45.0,28.0,76.0,47.0,76.0,44.0,23.0,61.0,23.0,30.0,2021-03-01
PEDRINHAS,0.0,0.0,0.0,0.0,14.0,8.0,14.0,4.0,6.0,17.0,6.0,10.0,4.0,17.0,4.0,2.0,2021-03-01
CAMPO DO BRITO,0.0,0.0,0.0,0.0,61.0,29.0,61.0,23.0,53.0,33.0,53.0,24.0,7.0,40.0,7.0,5.0,2021-03-01
CRISTINAPOLIS,0.0,0.0,0.0,0.0,48.0,49.0,48.0,28.0,50.0,46.0,50.0,31.0,3.0,2.0,3.0,3.0,2021-03-01
CANHOBA,0.0,0.0,0.0,0.0,7.0,11.0,7.0,3.0,15.0,31.0,15.0,2.0,1.0,7.0,1.0,0.0,2021-03-01
MALHADA DOS BOIS,0.0,0.0,0.0,0.0,5.0,7.0,5.0,3.0,13.0,23.0,13.0,11.0,5.0,1.0,5.0,3.0,2021-03-01
CARMOPOLIS,0.0,0.0,0.0,0.0,26.0,10.0,26.0,4.0,61.0,34.0,61.0,24.0,4.0,8.0,4.0,1.0,2021-03-01
SIRIRI,0.0,0.0,0.0,0.0,21.0,11.0,21.0,11.0,39.0,17.0,39.0,16.0,1.0,16.0,1.0,1.0,2021-03-01
NOSSA SENHORA DE LOURDES,0.0,0.0,0.0,0.0,13.0,10.0,13.0,7.0,14.0,29.0,14.0,22.0,2.0,11.0,2.0,3.0,2021-03-01
ITABI,0.0,0.0,0.0,0.0,8.0,7.0,8.0,2.0,13.0,14.0,13.0,1.0,0.0,7.0,0.0,0.0,2021-03-01
SAO FRANCISCO,0.0,0.0,0.0,0.0,8.0,6.0,8.0,3.0,8.0,14.0,8.0,11.0,0.0,3.0,0.0,0.0,2021-03-01
UMBAUBA,0.0,0.0,0.0,0.0,40.0,42.0,40.0,23.0,59.0,75.0,59.0,49.0,4.0,26.0,4.0,3.0,2021-03-01
ROSARIO DO CATETE,0.0,0.0,0.0,0.0,23.0,16.0,23.0,12.0,59.0,24.0,59.0,15.0,6.0,15.0,6.0,1.0,2021-03-01
CUMBE,0.0,0.0,0.0,0.0,11.0,5.0,11.0,5.0,15.0,24.0,15.0,18.0,0.0,8.0,0.0,0.0,2021-03-01
RIACHUELO,0.0,0.0,0.0,0.0,45.0,10.0,45.0,10.0,61.0,35.0,61.0,37.0,4.0,6.0,4.0,3.0,2021-03-01
GENERAL MAYNARD,0.0,0.0,0.0,0.0,23.0,9.0,23.0,6.0,20.0,14.0,20.0,13.0,0.0,5.0,0.0,1.0,2021-03-01
MURIBECA,0.0,0.0,0.0,0.0,23.0,19.0,23.0,11.0,24.0,16.0,24.0,12.0,2.0,15.0,2.0,0.0,2021-03-01
GRACHO CARDOSO,0.0,0.0,0.0,0.0,11.0,8.0,11.0,6.0,12.0,22.0,12.0,19.0,1.0,12.0,1.0,0.0,2021-03-01
FEIRA NOVA,0.0,0.0,0.0,0.0,8.0,4.0,8.0,3.0,17.0,14.0,17.0,12.0,0.0,2.0,0.0,0.0,2021-03-01
SAO DOMINGOS,0.0,0.0,0.0,0.0,10.0,3.0,10.0,2.0,44.0,9.0,44.0,7.0,2.0,24.0,2.0,1.0,2021-03-01
TELHA,0.0,0.0,0.0,0.0,12.0,9.0,12.0,5.0,19.0,26.0,19.0,17.0,3.0,5.0,3.0,2.0,2021-03-01
SANTO AMARO DAS BROTAS,0.0,0.0,0.0,0.0,17.0,8.0,17.0,8.0,54.0,31.0,54.0,27.0,2.0,14.0,2.0,4.0,2021-03-01
AMPARO DE SAO FRANCISCO,0.0,0.0,0.0,0.0,9.0,5.0,9.0,5.0,9.0,17.0,9.0,15.0,1.0,0.0,1.0,0.0,2021-03-01
NOSSA SENHORA DO SOCORRO,0.0,0.0,0.0,0.0,215.0,183.0,215.0,85.0,468.0,327.0,468.0,162.0,1071.0,3252.0,1071.0,560.0,2021-04-01
LAGARTO,0.0,0.0,0.0,0.0,408.0,528.0,408.0,211.0,483.0,411.0,483.0,205.0,309.0,3164.0,309.0,183.0,2021-04-01
CANINDE DE SAO FRANCISCO,0.0,0.0,0.0,0.0,31.0,22.0,31.0,11.0,61.0,85.0,61.0,45.0,179.0,603.0,179.0,146.0,2021-04-01
MARUIM,0.0,0.0,0.0,0.0,29.0,14.0,29.0,13.0,98.0,48.0,98.0,42.0,188.0,390.0,188.0,107.0,2021-04-01
ARACAJU,1.0,2.0,1.0,0.0,3526.0,1833.0,3526.0,1072.0,4801.0,2773.0,4801.0,1643.0,1484.0,15400.0,1484.0,939.0,2021-04-01
TOBIAS BARRETO,0.0,0.0,0.0,0.0,119.0,135.0,119.0,63.0,148.0,185.0,148.0,81.0,270.0,1782.0,270.0,196.0,2021-04-01
LARANJEIRAS,0.0,0.0,0.0,0.0,44.0,16.0,44.0,14.0,156.0,87.0,156.0,67.0,73.0,495.0,73.0,35.0,2021-04-01
CAPELA,0.0,0.0,0.0,0.0,75.0,89.0,75.0,26.0,94.0,118.0,94.0,50.0,112.0,894.0,112.0,73.0,2021-04-01
ESTANCIA,0.0,0.0,0.0,0.0,189.0,136.0,189.0,76.0,237.0,203.0,237.0,88.0,346.0,1853.0,346.0,186.0,2021-04-01
MOITA BONITA,0.0,0.0,0.0,0.0,34.0,14.0,34.0,12.0,43.0,15.0,43.0,11.0,218.0,521.0,218.0,139.0,2021-04-01
TOMAR DO GERU,0.0,0.0,0.0,0.0,19.0,12.0,19.0,10.0,32.0,35.0,32.0,33.0,54.0,366.0,54.0,44.0,2021-04-01
ITABAIANINHA,0.0,0.0,0.0,0.0,68.0,88.0,68.0,36.0,95.0,96.0,95.0,53.0,79.0,1105.0,79.0,55.0,2021-04-01
ITABAIANA,0.0,0.0,0.0,0.0,268.0,232.0,268.0,123.0,365.0,313.0,365.0,181.0,1048.0,3007.0,1048.0,687.0,2021-04-01
NOSSA SENHORA DA GLORIA,0.0,1.0,0.0,1.0,59.0,75.0,59.0,25.0,103.0,127.0,103.0,63.0,330.0,1070.0,330.0,280.0,2021-04-01
FREI PAULO,0.0,0.0,0.0,0.0,62.0,37.0,62.0,32.0,37.0,31.0,37.0,21.0,209.0,550.0,209.0,146.0,2021-04-01
SAO MIGUEL DO ALEIXO,0.0,0.0,0.0,0.0,26.0,15.0,26.0,13.0,18.0,12.0,18.0,10.0,54.0,160.0,54.0,27.0,2021-04-01
BOQUIM,0.0,0.0,0.0,0.0,50.0,54.0,50.0,23.0,88.0,98.0,88.0,40.0,146.0,849.0,146.0,101.0,2021-04-01
JAPOATA,0.0,0.0,0.0,0.0,49.0,23.0,49.0,17.0,49.0,30.0,49.0,19.0,21.0,390.0,21.0,16.0,2021-04-01
SIMAO DIAS,0.0,0.0,0.0,0.0,97.0,86.0,97.0,37.0,131.0,93.0,131.0,62.0,185.0,1384.0,185.0,118.0,2021-04-01
POCO REDONDO,0.0,0.0,0.0,0.0,49.0,37.0,49.0,15.0,96.0,74.0,96.0,46.0,312.0,787.0,312.0,221.0,2021-04-01
SANTA LUZIA DO ITANHY,0.0,0.0,0.0,0.0,21.0,18.0,21.0,12.0,48.0,31.0,48.0,27.0,35.0,302.0,35.0,30.0,2021-04-01
PINHAO,0.0,0.0,0.0,0.0,13.0,14.0,13.0,13.0,18.0,21.0,18.0,16.0,92.0,253.0,92.0,63.0,2021-04-01
AREIA BRANCA,0.0,0.0,0.0,0.0,46.0,27.0,46.0,25.0,85.0,41.0,85.0,38.0,79.0,526.0,79.0,46.0,2021-04-01
MONTE ALEGRE DE SERGIPE,0.0,0.0,0.0,0.0,45.0,25.0,45.0,16.0,41.0,37.0,41.0,31.0,143.0,457.0,143.0,141.0,2021-04-01
RIACHAO DO DANTAS,0.0,0.0,0.0,0.0,97.0,50.0,97.0,44.0,63.0,49.0,63.0,47.0,129.0,662.0,129.0,77.0,2021-04-01
ITAPORANGA D'AJUDA,0.0,0.0,0.0,0.0,79.0,62.0,79.0,40.0,107.0,107.0,107.0,66.0,131.0,913.0,131.0,93.0,2021-04-01
NEOPOLIS,0.0,0.0,0.0,0.0,40.0,37.0,40.0,29.0,131.0,81.0,131.0,60.0,66.0,650.0,66.0,44.0,2021-04-01
CEDRO DE SAO JOAO,0.0,0.0,0.0,0.0,44.0,24.0,44.0,22.0,24.0,18.0,24.0,18.0,37.0,195.0,37.0,27.0,2021-04-01
PORTO DA FOLHA,0.0,0.0,0.0,0.0,135.0,106.0,135.0,99.0,146.0,124.0,146.0,117.0,334.0,924.0,334.0,265.0,2021-04-01
GARARU,0.0,0.0,0.0,0.0,15.0,6.0,15.0,6.0,39.0,36.0,39.0,42.0,112.0,330.0,112.0,118.0,2021-04-01
NOSSA SENHORA DAS DORES,0.0,0.0,0.0,0.0,134.0,70.0,134.0,42.0,98.0,114.0,98.0,72.0,333.0,831.0,333.0,210.0,2021-04-01
PIRAMBU,0.0,0.0,0.0,0.0,41.0,17.0,41.0,17.0,37.0,38.0,37.0,35.0,78.0,275.0,78.0,56.0,2021-04-01
INDIAROBA,0.0,0.0,0.0,0.0,31.0,19.0,31.0,18.0,57.0,45.0,57.0,38.0,44.0,392.0,44.0,42.0,2021-04-01
AQUIDABA,0.0,0.0,0.0,0.0,71.0,45.0,71.0,33.0,81.0,74.0,81.0,65.0,68.0,649.0,68.0,65.0,2021-04-01
ILHA DAS FLORES,0.0,0.0,0.0,0.0,10.0,10.0,10.0,6.0,39.0,29.0,39.0,21.0,43.0,226.0,43.0,26.0,2021-04-01
SAO CRISTOVAO,0.0,0.0,0.0,0.0,11.0,50.0,11.0,8.0,16.0,87.0,16.0,8.0,4.0,254.0,4.0,2.0,2021-04-01
MACAMBIRA,0.0,0.0,0.0,0.0,16.0,11.0,16.0,9.0,27.0,9.0,27.0,9.0,128.0,266.0,128.0,76.0,2021-04-01
ARAUA,0.0,0.0,0.0,0.0,16.0,15.0,16.0,13.0,54.0,32.0,54.0,30.0,45.0,260.0,45.0,27.0,2021-04-01
JAPARATUBA,0.0,0.0,0.0,0.0,60.0,26.0,60.0,22.0,71.0,65.0,71.0,64.0,135.0,515.0,135.0,99.0,2021-04-01
MALHADOR,0.0,0.0,0.0,0.0,27.0,7.0,27.0,6.0,54.0,26.0,54.0,23.0,154.0,404.0,154.0,117.0,2021-04-01
NOSSA SENHORA APARECIDA,0.0,0.0,0.0,0.0,45.0,19.0,45.0,13.0,31.0,25.0,31.0,19.0,127.0,369.0,127.0,110.0,2021-04-01
PROPRIA,0.0,0.0,0.0,0.0,67.0,141.0,67.0,19.0,129.0,249.0,129.0,47.0,62.0,778.0,62.0,44.0,2021-04-01
POCO VERDE,0.0,0.0,0.0,0.0,65.0,59.0,65.0,28.0,72.0,50.0,72.0,35.0,91.0,928.0,91.0,69.0,2021-04-01
CARIRA,0.0,0.0,0.0,0.0,49.0,20.0,49.0,17.0,89.0,48.0,89.0,46.0,268.0,764.0,268.0,226.0,2021-04-01
BREJO GRANDE,0.0,0.0,0.0,0.0,23.0,13.0,23.0,6.0,25.0,11.0,25.0,7.0,18.0,127.0,18.0,14.0,2021-04-01
PEDRA MOLE,0.0,0.0,0.0,0.0,12.0,14.0,12.0,11.0,19.0,10.0,19.0,8.0,41.0,124.0,41.0,39.0,2021-04-01
BARRA DOS COQUEIROS,0.0,0.0,0.0,0.0,67.0,57.0,67.0,21.0,101.0,95.0,101.0,48.0,70.0,676.0,70.0,34.0,2021-04-01
DIVINA PASTORA,0.0,0.0,0.0,0.0,43.0,12.0,43.0,7.0,43.0,42.0,43.0,35.0,30.0,181.0,30.0,25.0,2021-04-01
SANTA ROSA DE LIMA,0.0,0.0,0.0,0.0,14.0,5.0,14.0,4.0,28.0,26.0,28.0,22.0,23.0,143.0,23.0,27.0,2021-04-01
SANTANA DO SAO FRANCISCO,0.0,0.0,0.0,0.0,11.0,15.0,11.0,12.0,28.0,25.0,28.0,23.0,46.0,185.0,46.0,30.0,2021-04-01
PACATUBA,0.0,0.0,0.0,0.0,34.0,29.0,34.0,18.0,41.0,36.0,41.0,32.0,54.0,427.0,54.0,47.0,2021-04-01
SALGADO,0.0,0.0,0.0,0.0,71.0,25.0,71.0,17.0,74.0,32.0,74.0,26.0,224.0,695.0,224.0,182.0,2021-04-01
RIBEIROPOLIS,0.0,0.0,0.0,0.0,56.0,48.0,56.0,32.0,106.0,62.0,106.0,53.0,305.0,734.0,305.0,213.0,2021-04-01
PEDRINHAS,0.0,0.0,0.0,0.0,21.0,12.0,21.0,7.0,19.0,21.0,19.0,19.0,23.0,227.0,23.0,12.0,2021-04-01
CAMPO DO BRITO,0.0,0.0,0.0,0.0,78.0,30.0,78.0,30.0,62.0,38.0,62.0,32.0,276.0,639.0,276.0,198.0,2021-04-01
CRISTINAPOLIS,0.0,0.0,0.0,0.0,51.0,51.0,51.0,30.0,52.0,50.0,52.0,34.0,5.0,181.0,5.0,4.0,2021-04-01
CANHOBA,0.0,0.0,0.0,0.0,9.0,14.0,9.0,6.0,17.0,34.0,17.0,18.0,6.0,109.0,6.0,8.0,2021-04-01
MALHADA DOS BOIS,0.0,0.0,0.0,0.0,11.0,9.0,11.0,6.0,24.0,28.0,24.0,24.0,9.0,100.0,9.0,7.0,2021-04-01
CARMOPOLIS,0.0,0.0,0.0,0.0,54.0,11.0,54.0,10.0,89.0,40.0,89.0,33.0,47.0,231.0,47.0,19.0,2021-04-01
SIRIRI,0.0,0.0,0.0,0.0,25.0,13.0,25.0,12.0,47.0,22.0,47.0,17.0,105.0,264.0,105.0,84.0,2021-04-01
NOSSA SENHORA DE LOURDES,0.0,0.0,0.0,0.0,28.0,10.0,28.0,10.0,21.0,32.0,21.0,28.0,59.0,235.0,59.0,47.0,2021-04-01
ITABI,0.0,0.0,0.0,0.0,16.0,12.0,16.0,11.0,21.0,28.0,21.0,18.0,58.0,206.0,58.0,39.0,2021-04-01
SAO FRANCISCO,0.0,0.0,0.0,0.0,10.0,10.0,10.0,7.0,12.0,17.0,12.0,13.0,26.0,116.0,26.0,12.0,2021-04-01
UMBAUBA,0.0,0.0,0.0,0.0,98.0,42.0,98.0,36.0,97.0,75.0,97.0,71.0,45.0,541.0,45.0,24.0,2021-04-01
ROSARIO DO CATETE,0.0,0.0,0.0,0.0,40.0,18.0,40.0,15.0,94.0,29.0,94.0,29.0,46.0,212.0,46.0,34.0,2021-04-01
CUMBE,0.0,0.0,0.0,0.0,12.0,7.0,12.0,5.0,17.0,26.0,17.0,23.0,28.0,165.0,28.0,25.0,2021-04-01
RIACHUELO,0.0,0.0,0.0,0.0,46.0,11.0,46.0,11.0,62.0,35.0,62.0,37.0,65.0,169.0,65.0,26.0,2021-04-01
GENERAL MAYNARD,0.0,0.0,0.0,0.0,24.0,9.0,24.0,8.0,22.0,18.0,22.0,14.0,22.0,98.0,22.0,13.0,2021-04-01
MURIBECA,0.0,0.0,0.0,0.0,26.0,23.0,26.0,14.0,32.0,20.0,32.0,13.0,38.0,235.0,38.0,35.0,2021-04-01
GRACHO CARDOSO,0.0,0.0,0.0,0.0,17.0,14.0,17.0,7.0,17.0,27.0,17.0,22.0,63.0,215.0,63.0,36.0,2021-04-01
FEIRA NOVA,0.0,0.0,0.0,0.0,10.0,7.0,10.0,6.0,23.0,16.0,23.0,15.0,45.0,151.0,45.0,34.0,2021-04-01
SAO DOMINGOS,0.0,0.0,0.0,0.0,27.0,17.0,27.0,10.0,54.0,19.0,54.0,16.0,109.0,424.0,109.0,101.0,2021-04-01
TELHA,0.0,0.0,0.0,0.0,13.0,9.0,13.0,6.0,22.0,31.0,22.0,22.0,11.0,77.0,11.0,9.0,2021-04-01
SANTO AMARO DAS BROTAS,0.0,0.0,0.0,0.0,23.0,13.0,23.0,10.0,63.0,34.0,63.0,30.0,89.0,233.0,89.0,56.0,2021-04-01
AMPARO DE SAO FRANCISCO,0.0,0.0,0.0,0.0,10.0,10.0,10.0,5.0,10.0,27.0,10.0,16.0,21.0,75.0,21.0,13.0,2021-04-01
NOSSA SENHORA DO SOCORRO,0.0,0.0,0.0,0.0,224.0,270.0,224.0,92.0,484.0,463.0,484.0,171.0,5316.0,5486.0,5316.0,3656.0,2021-05-01
LAGARTO,0.0,0.0,0.0,0.0,538.0,733.0,538.0,253.0,555.0,623.0,555.0,238.0,2973.0,4814.0,2973.0,2292.0,2021-05-01
CANINDE DE SAO FRANCISCO,0.0,0.0,0.0,0.0,48.0,124.0,48.0,19.0,112.0,171.0,112.0,67.0,648.0,1025.0,648.0,582.0,2021-05-01
MARUIM,0.0,0.0,0.0,0.0,34.0,19.0,34.0,16.0,107.0,89.0,107.0,50.0,522.0,632.0,522.0,382.0,2021-05-01
ARACAJU,4.0,3.0,4.0,2.0,4807.0,3303.0,4807.0,1566.0,6197.0,5403.0,6197.0,2202.0,11692.0,29823.0,11692.0,7484.0,2021-05-01
TOBIAS BARRETO,0.0,0.0,0.0,0.0,166.0,203.0,166.0,88.0,191.0,296.0,191.0,116.0,1938.0,2724.0,1938.0,1571.0,2021-05-01
LARANJEIRAS,0.0,0.0,0.0,0.0,47.0,410.0,47.0,16.0,169.0,546.0,169.0,70.0,422.0,936.0,422.0,342.0,2021-05-01
CAPELA,0.0,3.0,0.0,0.0,111.0,210.0,111.0,50.0,132.0,276.0,132.0,77.0,704.0,1482.0,704.0,611.0,2021-05-01
ESTANCIA,0.0,0.0,0.0,0.0,316.0,323.0,316.0,122.0,357.0,494.0,357.0,154.0,1718.0,3285.0,1718.0,1226.0,2021-05-01
MOITA BONITA,0.0,0.0,0.0,0.0,40.0,39.0,40.0,14.0,46.0,66.0,46.0,13.0,625.0,783.0,625.0,498.0,2021-05-01
TOMAR DO GERU,0.0,0.0,0.0,0.0,21.0,18.0,21.0,10.0,39.0,44.0,39.0,34.0,300.0,545.0,300.0,280.0,2021-05-01
ITABAIANINHA,0.0,0.0,0.0,0.0,78.0,120.0,78.0,41.0,101.0,130.0,101.0,57.0,1155.0,1748.0,1155.0,1023.0,2021-05-01
ITABAIANA,0.0,0.0,0.0,0.0,311.0,330.0,311.0,137.0,383.0,433.0,383.0,195.0,3090.0,4434.0,3090.0,2245.0,2021-05-01
NOSSA SENHORA DA GLORIA,0.0,1.0,0.0,1.0,87.0,99.0,87.0,39.0,130.0,160.0,130.0,77.0,908.0,1698.0,908.0,753.0,2021-05-01
FREI PAULO,0.0,0.0,0.0,0.0,67.0,82.0,67.0,34.0,42.0,78.0,42.0,25.0,632.0,777.0,632.0,498.0,2021-05-01
SAO MIGUEL DO ALEIXO,0.0,0.0,0.0,0.0,28.0,21.0,28.0,15.0,19.0,17.0,19.0,13.0,172.0,217.0,172.0,132.0,2021-05-01
BOQUIM,0.0,0.0,0.0,0.0,55.0,64.0,55.0,24.0,94.0,108.0,94.0,42.0,792.0,1330.0,792.0,670.0,2021-05-01
JAPOATA,0.0,0.0,0.0,0.0,58.0,147.0,58.0,21.0,57.0,160.0,57.0,25.0,344.0,676.0,344.0,325.0,2021-05-01
SIMAO DIAS,0.0,0.0,0.0,0.0,126.0,161.0,126.0,56.0,154.0,219.0,154.0,72.0,1401.0,2095.0,1401.0,1029.0,2021-05-01
POCO REDONDO,0.0,0.0,0.0,0.0,61.0,121.0,61.0,23.0,103.0,140.0,103.0,53.0,796.0,1237.0,796.0,729.0,2021-05-01
SANTA LUZIA DO ITANHY,0.0,0.0,0.0,0.0,28.0,414.0,28.0,15.0,55.0,458.0,55.0,30.0,264.0,592.0,264.0,275.0,2021-05-01
PINHAO,0.0,0.0,0.0,0.0,14.0,21.0,14.0,13.0,18.0,28.0,18.0,19.0,325.0,381.0,325.0,289.0,2021-05-01
AREIA BRANCA,0.0,0.0,0.0,0.0,49.0,48.0,49.0,27.0,89.0,94.0,89.0,42.0,502.0,805.0,502.0,421.0,2021-05-01
MONTE ALEGRE DE SERGIPE,0.0,0.0,0.0,0.0,57.0,26.0,57.0,23.0,44.0,39.0,44.0,36.0,407.0,604.0,407.0,388.0,2021-05-01
RIACHAO DO DANTAS,0.0,0.0,0.0,0.0,98.0,88.0,98.0,45.0,63.0,108.0,63.0,47.0,712.0,1062.0,712.0,581.0,2021-05-01
ITAPORANGA D'AJUDA,0.0,0.0,0.0,0.0,83.0,99.0,83.0,53.0,115.0,153.0,115.0,88.0,864.0,1540.0,864.0,727.0,2021-05-01
NEOPOLIS,0.0,0.0,0.0,0.0,60.0,51.0,60.0,36.0,145.0,109.0,145.0,79.0,632.0,912.0,632.0,549.0,2021-05-01
CEDRO DE SAO JOAO,0.0,0.0,0.0,0.0,45.0,30.0,45.0,22.0,24.0,24.0,24.0,20.0,242.0,337.0,242.0,165.0,2021-05-01
PORTO DA FOLHA,0.0,0.0,0.0,0.0,145.0,216.0,145.0,108.0,158.0,241.0,158.0,127.0,994.0,1436.0,994.0,900.0,2021-05-01
GARARU,0.0,0.0,0.0,0.0,20.0,14.0,20.0,9.0,45.0,51.0,45.0,48.0,391.0,634.0,391.0,393.0,2021-05-01
NOSSA SENHORA DAS DORES,0.0,0.0,0.0,0.0,164.0,111.0,164.0,58.0,121.0,154.0,121.0,88.0,1044.0,1414.0,1044.0,855.0,2021-05-01
PIRAMBU,0.0,0.0,0.0,0.0,42.0,46.0,42.0,17.0,39.0,114.0,39.0,38.0,316.0,423.0,316.0,292.0,2021-05-01
INDIAROBA,0.0,0.0,0.0,0.0,44.0,60.0,44.0,21.0,70.0,95.0,70.0,46.0,390.0,640.0,390.0,368.0,2021-05-01
AQUIDABA,0.0,0.0,0.0,0.0,105.0,90.0,105.0,44.0,93.0,113.0,93.0,74.0,703.0,1182.0,703.0,568.0,2021-05-01
ILHA DAS FLORES,0.0,0.0,0.0,0.0,11.0,88.0,11.0,10.0,40.0,89.0,40.0,29.0,253.0,370.0,253.0,189.0,2021-05-01
SAO CRISTOVAO,0.0,0.0,0.0,0.0,16.0,94.0,16.0,11.0,22.0,159.0,22.0,11.0,13.0,605.0,13.0,9.0,2021-05-01
MACAMBIRA,0.0,0.0,0.0,0.0,26.0,17.0,26.0,11.0,31.0,16.0,31.0,9.0,332.0,405.0,332.0,266.0,2021-05-01
ARAUA,0.0,0.0,0.0,0.0,19.0,19.0,19.0,14.0,57.0,44.0,57.0,31.0,258.0,537.0,258.0,197.0,2021-05-01
JAPARATUBA,0.0,0.0,0.0,0.0,65.0,73.0,65.0,26.0,75.0,148.0,75.0,67.0,571.0,911.0,571.0,513.0,2021-05-01
MALHADOR,0.0,0.0,0.0,0.0,31.0,17.0,31.0,9.0,58.0,36.0,58.0,26.0,448.0,662.0,448.0,395.0,2021-05-01
NOSSA SENHORA APARECIDA,0.0,0.0,0.0,1.0,47.0,39.0,47.0,15.0,33.0,54.0,33.0,23.0,366.0,642.0,366.0,400.0,2021-05-01
PROPRIA,0.0,0.0,0.0,0.0,87.0,173.0,87.0,42.0,156.0,340.0,156.0,67.0,537.0,1081.0,537.0,413.0,2021-05-01
POCO VERDE,0.0,0.0,0.0,0.0,106.0,102.0,106.0,46.0,90.0,98.0,90.0,50.0,823.0,1383.0,823.0,704.0,2021-05-01
CARIRA,0.0,0.0,0.0,0.0,53.0,38.0,53.0,18.0,91.0,71.0,91.0,49.0,868.0,1255.0,868.0,795.0,2021-05-01
BREJO GRANDE,0.0,0.0,0.0,0.0,32.0,154.0,32.0,14.0,33.0,134.0,33.0,12.0,122.0,285.0,122.0,96.0,2021-05-01
PEDRA MOLE,0.0,0.0,0.0,0.0,13.0,15.0,13.0,13.0,20.0,18.0,20.0,10.0,134.0,188.0,134.0,121.0,2021-05-01
BARRA DOS COQUEIROS,0.0,0.0,0.0,0.0,80.0,134.0,80.0,28.0,116.0,195.0,116.0,59.0,725.0,1166.0,725.0,605.0,2021-05-01
DIVINA PASTORA,0.0,0.0,0.0,0.0,43.0,17.0,43.0,9.0,43.0,50.0,43.0,39.0,152.0,236.0,152.0,139.0,2021-05-01
SANTA ROSA DE LIMA,0.0,0.0,0.0,0.0,14.0,9.0,14.0,4.0,29.0,33.0,29.0,23.0,143.0,207.0,143.0,136.0,2021-05-01
SANTANA DO SAO FRANCISCO,0.0,0.0,0.0,0.0,15.0,19.0,15.0,15.0,33.0,33.0,33.0,25.0,185.0,304.0,185.0,155.0,2021-05-01
PACATUBA,0.0,0.0,0.0,0.0,42.0,33.0,42.0,29.0,47.0,51.0,47.0,38.0,367.0,676.0,367.0,362.0,2021-05-01
SALGADO,0.0,0.0,0.0,0.0,80.0,32.0,80.0,25.0,80.0,40.0,80.0,30.0,787.0,1057.0,787.0,687.0,2021-05-01
RIBEIROPOLIS,0.0,0.0,0.0,0.0,86.0,66.0,86.0,46.0,123.0,83.0,123.0,63.0,942.0,1099.0,942.0,756.0,2021-05-01
PEDRINHAS,0.0,0.0,0.0,0.0,26.0,21.0,26.0,10.0,27.0,34.0,27.0,26.0,274.0,413.0,274.0,196.0,2021-05-01
CAMPO DO BRITO,0.0,0.0,0.0,0.0,80.0,43.0,80.0,31.0,62.0,51.0,62.0,36.0,831.0,999.0,831.0,613.0,2021-05-01
CRISTINAPOLIS,0.0,0.0,0.0,0.0,56.0,57.0,56.0,31.0,55.0,60.0,55.0,34.0,345.0,466.0,345.0,342.0,2021-05-01
CANHOBA,0.0,0.0,0.0,0.0,12.0,18.0,12.0,10.0,28.0,41.0,28.0,21.0,112.0,188.0,112.0,108.0,2021-05-01
MALHADA DOS BOIS,0.0,0.0,0.0,0.0,11.0,15.0,11.0,8.0,26.0,34.0,26.0,28.0,72.0,163.0,72.0,56.0,2021-05-01
CARMOPOLIS,0.0,0.0,0.0,0.0,65.0,16.0,65.0,11.0,101.0,76.0,101.0,39.0,148.0,449.0,148.0,104.0,2021-05-01
SIRIRI,0.0,0.0,0.0,0.0,29.0,38.0,29.0,14.0,51.0,54.0,51.0,22.0,305.0,416.0,305.0,259.0,2021-05-01
NOSSA SENHORA DE LOURDES,0.0,0.0,0.0,0.0,30.0,14.0,30.0,10.0,22.0,46.0,22.0,29.0,244.0,359.0,244.0,202.0,2021-05-01
ITABI,0.0,0.0,0.0,0.0,17.0,15.0,17.0,11.0,23.0,35.0,23.0,28.0,241.0,356.0,241.0,226.0,2021-05-01
SAO FRANCISCO,0.0,0.0,0.0,0.0,20.0,16.0,20.0,10.0,16.0,25.0,16.0,16.0,109.0,181.0,109.0,97.0,2021-05-01
UMBAUBA,0.0,0.0,0.0,0.0,98.0,50.0,98.0,36.0,98.0,91.0,98.0,71.0,707.0,966.0,707.0,563.0,2021-05-01
ROSARIO DO CATETE,0.0,0.0,0.0,0.0,44.0,21.0,44.0,15.0,99.0,41.0,99.0,30.0,216.0,335.0,216.0,179.0,2021-05-01
CUMBE,0.0,0.0,0.0,0.0,12.0,44.0,12.0,6.0,18.0,68.0,18.0,25.0,175.0,221.0,175.0,139.0,2021-05-01
RIACHUELO,0.0,0.0,0.0,0.0,48.0,52.0,48.0,11.0,62.0,74.0,62.0,37.0,272.0,340.0,272.0,184.0,2021-05-01
GENERAL MAYNARD,0.0,0.0,0.0,0.0,29.0,12.0,29.0,8.0,24.0,42.0,24.0,16.0,107.0,163.0,107.0,89.0,2021-05-01
MURIBECA,0.0,0.0,0.0,0.0,29.0,25.0,29.0,16.0,33.0,32.0,33.0,16.0,204.0,448.0,204.0,169.0,2021-05-01
GRACHO CARDOSO,0.0,0.0,0.0,0.0,19.0,20.0,19.0,9.0,18.0,42.0,18.0,22.0,209.0,332.0,209.0,198.0,2021-05-01
FEIRA NOVA,0.0,0.0,0.0,0.0,12.0,8.0,12.0,7.0,23.0,29.0,23.0,16.0,196.0,270.0,196.0,154.0,2021-05-01
SAO DOMINGOS,0.0,0.0,0.0,0.0,45.0,27.0,45.0,20.0,58.0,29.0,58.0,18.0,449.0,599.0,449.0,425.0,2021-05-01
TELHA,0.0,0.0,0.0,0.0,15.0,14.0,15.0,6.0,23.0,36.0,23.0,26.0,92.0,137.0,92.0,72.0,2021-05-01
SANTO AMARO DAS BROTAS,1.0,0.0,1.0,0.0,28.0,26.0,28.0,11.0,66.0,86.0,66.0,34.0,146.0,443.0,146.0,114.0,2021-05-01
AMPARO DE SAO FRANCISCO,0.0,0.0,0.0,0.0,11.0,46.0,11.0,8.0,14.0,78.0,14.0,17.0,68.0,120.0,68.0,50.0,2021-05-01
NOSSA SENHORA DO SOCORRO,0.0,0.0,0.0,0.0,354.0,1067.0,354.0,192.0,835.0,3702.0,835.0,339.0,6340.0,5663.0,6340.0,4461.0,2021-06-01
LAGARTO,0.0,0.0,0.0,0.0,996.0,1091.0,996.0,485.0,815.0,2123.0,815.0,388.0,3341.0,4975.0,3341.0,2646.0,2021-06-01
CANINDE DE SAO FRANCISCO,0.0,0.0,0.0,0.0,53.0,185.0,53.0,38.0,115.0,571.0,115.0,78.0,749.0,1088.0,749.0,683.0,2021-06-01
MARUIM,0.0,0.0,0.0,0.0,37.0,65.0,37.0,19.0,110.0,275.0,110.0,65.0,617.0,653.0,617.0,448.0,2021-06-01
ARACAJU,5.0,6.0,5.0,3.0,5905.0,7509.0,5905.0,2367.0,8442.0,17302.0,8442.0,3945.0,19814.0,30479.0,19814.0,12301.0,2021-06-01
TOBIAS BARRETO,0.0,0.0,0.0,0.0,261.0,552.0,261.0,186.0,269.0,1303.0,269.0,224.0,2339.0,2806.0,2339.0,1895.0,2021-06-01
LARANJEIRAS,0.0,0.0,0.0,0.0,56.0,545.0,56.0,22.0,176.0,1113.0,176.0,75.0,635.0,954.0,635.0,508.0,2021-06-01
CAPELA,0.0,3.0,0.0,0.0,150.0,324.0,150.0,77.0,184.0,867.0,184.0,122.0,836.0,1583.0,836.0,729.0,2021-06-01
ESTANCIA,0.0,0.0,0.0,0.0,482.0,469.0,482.0,204.0,629.0,1689.0,629.0,300.0,2074.0,3371.0,2074.0,1521.0,2021-06-01
MOITA BONITA,0.0,0.0,0.0,0.0,41.0,78.0,41.0,21.0,47.0,333.0,47.0,18.0,791.0,791.0,791.0,650.0,2021-06-01
TOMAR DO GERU,0.0,1.0,0.0,0.0,23.0,43.0,23.0,13.0,40.0,141.0,40.0,41.0,424.0,589.0,424.0,384.0,2021-06-01
ITABAIANINHA,0.0,0.0,0.0,0.0,143.0,300.0,143.0,91.0,143.0,899.0,143.0,95.0,1376.0,1850.0,1376.0,1192.0,2021-06-01
ITABAIANA,0.0,0.0,0.0,0.0,561.0,959.0,561.0,287.0,715.0,2117.0,715.0,359.0,3180.0,4700.0,3180.0,2312.0,2021-06-01
NOSSA SENHORA DA GLORIA,0.0,1.0,0.0,1.0,133.0,279.0,133.0,65.0,232.0,643.0,232.0,107.0,1017.0,1827.0,1017.0,880.0,2021-06-01
FREI PAULO,0.0,0.0,0.0,0.0,69.0,168.0,69.0,37.0,42.0,335.0,42.0,30.0,735.0,801.0,735.0,568.0,2021-06-01
SAO MIGUEL DO ALEIXO,0.0,0.0,0.0,0.0,28.0,43.0,28.0,18.0,22.0,72.0,22.0,14.0,211.0,241.0,211.0,153.0,2021-06-01
BOQUIM,0.0,0.0,0.0,0.0,101.0,90.0,101.0,59.0,155.0,414.0,155.0,89.0,867.0,1373.0,867.0,748.0,2021-06-01
JAPOATA,0.0,0.0,0.0,0.0,64.0,154.0,64.0,27.0,58.0,311.0,58.0,31.0,482.0,687.0,482.0,443.0,2021-06-01
SIMAO DIAS,0.0,0.0,0.0,0.0,215.0,216.0,215.0,83.0,197.0,441.0,197.0,107.0,1470.0,2201.0,1470.0,1099.0,2021-06-01
POCO REDONDO,0.0,1.0,0.0,0.0,102.0,248.0,102.0,43.0,135.0,690.0,135.0,76.0,1211.0,1271.0,1211.0,1127.0,2021-06-01
SANTA LUZIA DO ITANHY,0.0,0.0,0.0,0.0,33.0,477.0,33.0,21.0,60.0,618.0,60.0,33.0,320.0,636.0,320.0,343.0,2021-06-01
PINHAO,0.0,0.0,0.0,0.0,17.0,42.0,17.0,19.0,18.0,102.0,18.0,26.0,409.0,385.0,409.0,346.0,2021-06-01
AREIA BRANCA,0.0,0.0,0.0,0.0,55.0,107.0,55.0,30.0,92.0,329.0,92.0,51.0,581.0,839.0,581.0,490.0,2021-06-01
MONTE ALEGRE DE SERGIPE,0.0,0.0,0.0,0.0,59.0,53.0,59.0,25.0,45.0,140.0,45.0,39.0,587.0,620.0,587.0,561.0,2021-06-01
RIACHAO DO DANTAS,0.0,0.0,0.0,0.0,98.0,166.0,98.0,47.0,65.0,480.0,65.0,51.0,865.0,1103.0,865.0,744.0,2021-06-01
ITAPORANGA D'AJUDA,0.0,1.0,0.0,0.0,102.0,194.0,102.0,77.0,136.0,670.0,136.0,110.0,1236.0,1661.0,1236.0,1075.0,2021-06-01
NEOPOLIS,0.0,0.0,0.0,0.0,63.0,83.0,63.0,45.0,152.0,364.0,152.0,100.0,708.0,945.0,708.0,632.0,2021-06-01
CEDRO DE SAO JOAO,0.0,0.0,0.0,0.0,48.0,55.0,48.0,27.0,25.0,148.0,25.0,23.0,319.0,344.0,319.0,250.0,2021-06-01
PORTO DA FOLHA,0.0,0.0,0.0,0.0,152.0,303.0,152.0,115.0,165.0,552.0,165.0,139.0,1265.0,1467.0,1265.0,1157.0,2021-06-01
GARARU,0.0,0.0,0.0,0.0,21.0,32.0,21.0,13.0,49.0,148.0,49.0,56.0,486.0,697.0,486.0,481.0,2021-06-01
NOSSA SENHORA DAS DORES,0.0,0.0,0.0,0.0,192.0,189.0,192.0,87.0,129.0,497.0,129.0,110.0,1220.0,1465.0,1220.0,1008.0,2021-06-01
PIRAMBU,0.0,0.0,0.0,0.0,45.0,92.0,45.0,20.0,43.0,264.0,43.0,55.0,370.0,430.0,370.0,345.0,2021-06-01
INDIAROBA,0.0,0.0,0.0,0.0,54.0,104.0,54.0,32.0,81.0,199.0,81.0,64.0,487.0,720.0,487.0,443.0,2021-06-01
AQUIDABA,0.0,0.0,0.0,0.0,121.0,152.0,121.0,55.0,97.0,386.0,97.0,84.0,943.0,1225.0,943.0,828.0,2021-06-01
ILHA DAS FLORES,0.0,0.0,0.0,0.0,15.0,103.0,15.0,12.0,42.0,208.0,42.0,40.0,294.0,392.0,294.0,233.0,2021-06-01
SAO CRISTOVAO,0.0,0.0,0.0,0.0,27.0,244.0,27.0,18.0,29.0,614.0,29.0,15.0,14.0,674.0,14.0,11.0,2021-06-01
MACAMBIRA,0.0,0.0,0.0,0.0,28.0,51.0,28.0,16.0,34.0,128.0,34.0,16.0,379.0,432.0,379.0,313.0,2021-06-01
ARAUA,0.0,0.0,0.0,0.0,21.0,50.0,21.0,15.0,61.0,186.0,61.0,34.0,370.0,602.0,370.0,313.0,2021-06-01
JAPARATUBA,0.0,0.0,0.0,0.0,78.0,132.0,78.0,36.0,93.0,394.0,93.0,77.0,700.0,939.0,700.0,629.0,2021-06-01
MALHADOR,0.0,0.0,0.0,0.0,34.0,39.0,34.0,17.0,58.0,215.0,58.0,33.0,525.0,679.0,525.0,474.0,2021-06-01
NOSSA SENHORA APARECIDA,0.0,0.0,0.0,1.0,59.0,98.0,59.0,35.0,53.0,184.0,53.0,46.0,422.0,652.0,422.0,465.0,2021-06-01
PROPRIA,0.0,0.0,0.0,0.0,98.0,286.0,98.0,57.0,167.0,873.0,167.0,108.0,649.0,1225.0,649.0,518.0,2021-06-01
POCO VERDE,0.0,0.0,0.0,0.0,111.0,198.0,111.0,49.0,92.0,402.0,92.0,56.0,938.0,1402.0,938.0,820.0,2021-06-01
CARIRA,0.0,0.0,0.0,0.0,66.0,76.0,66.0,27.0,101.0,422.0,101.0,54.0,1086.0,1281.0,1086.0,974.0,2021-06-01
BREJO GRANDE,0.0,0.0,0.0,0.0,37.0,197.0,37.0,21.0,38.0,241.0,38.0,20.0,156.0,298.0,156.0,122.0,2021-06-01
PEDRA MOLE,0.0,0.0,0.0,0.0,14.0,24.0,14.0,14.0,22.0,82.0,22.0,15.0,150.0,194.0,150.0,134.0,2021-06-01
BARRA DOS COQUEIROS,0.0,1.0,0.0,0.0,142.0,225.0,142.0,61.0,204.0,695.0,204.0,140.0,1156.0,1215.0,1156.0,930.0,2021-06-01
DIVINA PASTORA,0.0,0.0,0.0,0.0,43.0,39.0,43.0,10.0,43.0,119.0,43.0,46.0,172.0,244.0,172.0,155.0,2021-06-01
SANTA ROSA DE LIMA,0.0,0.0,0.0,0.0,14.0,16.0,14.0,7.0,29.0,74.0,29.0,26.0,180.0,219.0,180.0,161.0,2021-06-01
SANTANA DO SAO FRANCISCO,0.0,0.0,0.0,0.0,17.0,27.0,17.0,16.0,35.0,131.0,35.0,28.0,226.0,322.0,226.0,193.0,2021-06-01
PACATUBA,0.0,0.0,0.0,0.0,46.0,61.0,46.0,32.0,51.0,308.0,51.0,49.0,470.0,692.0,470.0,447.0,2021-06-01
SALGADO,0.0,0.0,0.0,0.0,83.0,81.0,83.0,30.0,84.0,308.0,84.0,38.0,919.0,1088.0,919.0,799.0,2021-06-01
RIBEIROPOLIS,0.0,0.0,0.0,0.0,94.0,190.0,94.0,60.0,125.0,424.0,125.0,83.0,1065.0,1118.0,1065.0,874.0,2021-06-01
PEDRINHAS,0.0,0.0,0.0,0.0,33.0,39.0,33.0,17.0,30.0,152.0,30.0,35.0,332.0,420.0,332.0,233.0,2021-06-01
CAMPO DO BRITO,0.0,0.0,0.0,0.0,82.0,107.0,82.0,41.0,68.0,305.0,68.0,42.0,982.0,1025.0,982.0,740.0,2021-06-01
CRISTINAPOLIS,0.0,0.0,0.0,0.0,57.0,104.0,57.0,32.0,56.0,269.0,56.0,36.0,433.0,478.0,433.0,422.0,2021-06-01
CANHOBA,0.0,0.0,0.0,0.0,12.0,25.0,12.0,13.0,29.0,85.0,29.0,27.0,170.0,242.0,170.0,160.0,2021-06-01
MALHADA DOS BOIS,0.0,0.0,0.0,0.0,12.0,20.0,12.0,12.0,27.0,74.0,27.0,32.0,91.0,182.0,91.0,78.0,2021-06-01
CARMOPOLIS,0.0,0.0,0.0,0.0,66.0,43.0,66.0,16.0,105.0,298.0,105.0,58.0,173.0,463.0,173.0,138.0,2021-06-01
SIRIRI,0.0,0.0,0.0,0.0,32.0,74.0,32.0,18.0,54.0,145.0,54.0,28.0,415.0,423.0,415.0,355.0,2021-06-01
NOSSA SENHORA DE LOURDES,0.0,0.0,0.0,0.0,32.0,45.0,32.0,10.0,24.0,147.0,24.0,30.0,282.0,374.0,282.0,241.0,2021-06-01
ITABI,0.0,0.0,0.0,0.0,17.0,42.0,17.0,14.0,23.0,138.0,23.0,31.0,290.0,372.0,290.0,271.0,2021-06-01
SAO FRANCISCO,0.0,0.0,0.0,0.0,21.0,38.0,21.0,16.0,17.0,70.0,17.0,25.0,147.0,193.0,147.0,136.0,2021-06-01
UMBAUBA,0.0,0.0,0.0,0.0,100.0,56.0,100.0,41.0,98.0,99.0,98.0,83.0,850.0,1013.0,850.0,674.0,2021-06-01
ROSARIO DO CATETE,0.0,0.0,0.0,0.0,48.0,48.0,48.0,17.0,101.0,248.0,101.0,34.0,271.0,346.0,271.0,216.0,2021-06-01
CUMBE,0.0,0.0,0.0,0.0,12.0,64.0,12.0,6.0,19.0,140.0,19.0,30.0,202.0,225.0,202.0,163.0,2021-06-01
RIACHUELO,0.0,0.0,0.0,0.0,52.0,71.0,52.0,16.0,64.0,183.0,64.0,45.0,326.0,344.0,326.0,237.0,2021-06-01
GENERAL MAYNARD,0.0,0.0,0.0,0.0,30.0,32.0,30.0,8.0,24.0,108.0,24.0,22.0,154.0,164.0,154.0,131.0,2021-06-01
MURIBECA,0.0,0.0,0.0,0.0,30.0,47.0,30.0,17.0,33.0,172.0,33.0,25.0,296.0,465.0,296.0,217.0,2021-06-01
GRACHO CARDOSO,0.0,0.0,0.0,0.0,23.0,28.0,23.0,12.0,21.0,179.0,21.0,27.0,234.0,347.0,234.0,229.0,2021-06-01
FEIRA NOVA,0.0,0.0,0.0,0.0,13.0,28.0,13.0,7.0,24.0,83.0,24.0,25.0,243.0,277.0,243.0,207.0,2021-06-01
SAO DOMINGOS,0.0,0.0,0.0,0.0,48.0,82.0,48.0,27.0,59.0,220.0,59.0,25.0,565.0,611.0,565.0,509.0,2021-06-01
TELHA,0.0,0.0,0.0,0.0,16.0,19.0,16.0,10.0,24.0,104.0,24.0,31.0,119.0,137.0,119.0,98.0,2021-06-01
SANTO AMARO DAS BROTAS,1.0,0.0,1.0,0.0,28.0,50.0,28.0,11.0,66.0,319.0,66.0,35.0,149.0,457.0,149.0,115.0,2021-06-01
AMPARO DE SAO FRANCISCO,0.0,0.0,0.0,0.0,11.0,56.0,11.0,11.0,14.0,121.0,14.0,24.0,73.0,127.0,73.0,57.0,2021-06-01
NOSSA SENHORA DO SOCORRO,0.0,0.0,0.0,0.0,574.0,2304.0,574.0,356.0,1007.0,11279.0,1007.0,531.0,6414.0,5712.0,6414.0,4518.0,2021-07-01
LAGARTO,0.0,0.0,0.0,0.0,1094.0,2054.0,1094.0,526.0,1604.0,8038.0,1604.0,1013.0,4030.0,5041.0,4030.0,3146.0,2021-07-01
CANINDE DE SAO FRANCISCO,0.0,0.0,0.0,0.0,53.0,318.0,53.0,39.0,116.0,1391.0,116.0,79.0,750.0,1100.0,750.0,687.0,2021-07-01
MARUIM,0.0,0.0,0.0,0.0,37.0,109.0,37.0,20.0,113.0,811.0,113.0,73.0,621.0,655.0,621.0,456.0,2021-07-01
ARACAJU,5.0,13.0,5.0,3.0,6501.0,10064.0,6501.0,2672.0,10601.0,58152.0,10601.0,5632.0,32130.0,30836.0,32130.0,19365.0,2021-07-01
TOBIAS BARRETO,0.0,1.0,0.0,0.0,280.0,1461.0,280.0,205.0,790.0,3924.0,790.0,631.0,2727.0,2841.0,2727.0,2160.0,2021-07-01
LARANJEIRAS,0.0,0.0,0.0,0.0,61.0,734.0,61.0,25.0,254.0,2363.0,254.0,154.0,832.0,960.0,832.0,666.0,2021-07-01
CAPELA,0.0,3.0,0.0,0.0,155.0,588.0,155.0,79.0,194.0,2451.0,194.0,130.0,1044.0,1618.0,1044.0,870.0,2021-07-01
ESTANCIA,0.0,0.0,0.0,0.0,551.0,1105.0,551.0,248.0,1460.0,4461.0,1460.0,1179.0,2811.0,3407.0,2811.0,2138.0,2021-07-01
MOITA BONITA,0.0,0.0,0.0,0.0,41.0,261.0,41.0,21.0,47.0,884.0,47.0,18.0,793.0,798.0,793.0,656.0,2021-07-01
TOMAR DO GERU,0.0,1.0,0.0,0.0,26.0,95.0,26.0,15.0,45.0,860.0,45.0,43.0,514.0,604.0,514.0,436.0,2021-07-01
ITABAIANINHA,0.0,0.0,0.0,0.0,151.0,855.0,151.0,97.0,148.0,2379.0,148.0,101.0,1634.0,1878.0,1634.0,1345.0,2021-07-01
ITABAIANA,0.0,0.0,0.0,0.0,591.0,1984.0,591.0,314.0,1509.0,6088.0,1509.0,965.0,3675.0,4746.0,3675.0,2716.0,2021-07-01
NOSSA SENHORA DA GLORIA,0.0,1.0,0.0,1.0,156.0,811.0,156.0,78.0,541.0,2169.0,541.0,364.0,1254.0,1866.0,1254.0,1076.0,2021-07-01
FREI PAULO,0.0,0.0,0.0,0.0,69.0,269.0,69.0,37.0,42.0,1085.0,42.0,31.0,738.0,808.0,738.0,569.0,2021-07-01
SAO MIGUEL DO ALEIXO,0.0,0.0,0.0,0.0,29.0,97.0,29.0,23.0,27.0,263.0,27.0,18.0,252.0,243.0,252.0,183.0,2021-07-01
BOQUIM,0.0,0.0,0.0,0.0,112.0,331.0,112.0,65.0,184.0,1682.0,184.0,102.0,911.0,1384.0,911.0,773.0,2021-07-01
JAPOATA,0.0,0.0,0.0,0.0,64.0,260.0,64.0,27.0,59.0,982.0,59.0,32.0,555.0,696.0,555.0,509.0,2021-07-01
SIMAO DIAS,0.0,0.0,0.0,0.0,265.0,1039.0,265.0,108.0,367.0,2389.0,367.0,254.0,1890.0,2239.0,1890.0,1413.0,2021-07-01
POCO REDONDO,0.0,1.0,0.0,0.0,104.0,388.0,104.0,44.0,142.0,2090.0,142.0,85.0,1237.0,1288.0,1237.0,1146.0,2021-07-01
SANTA LUZIA DO ITANHY,0.0,0.0,0.0,0.0,34.0,553.0,34.0,24.0,61.0,1236.0,61.0,35.0,375.0,649.0,375.0,398.0,2021-07-01
PINHAO,0.0,0.0,0.0,0.0,17.0,68.0,17.0,19.0,18.0,576.0,18.0,27.0,410.0,387.0,410.0,346.0,2021-07-01
AREIA BRANCA,0.0,1.0,0.0,0.0,59.0,446.0,59.0,32.0,96.0,1350.0,96.0,63.0,670.0,850.0,670.0,554.0,2021-07-01
MONTE ALEGRE DE SERGIPE,0.0,0.0,0.0,0.0,60.0,112.0,60.0,25.0,45.0,943.0,45.0,39.0,593.0,632.0,593.0,566.0,2021-07-01
RIACHAO DO DANTAS,0.0,0.0,0.0,0.0,99.0,259.0,99.0,47.0,69.0,1285.0,69.0,52.0,981.0,1115.0,981.0,829.0,2021-07-01
ITAPORANGA D'AJUDA,0.0,1.0,0.0,0.0,106.0,510.0,106.0,77.0,138.0,1895.0,138.0,110.0,1386.0,1666.0,1386.0,1170.0,2021-07-01
NEOPOLIS,0.0,0.0,0.0,0.0,65.0,326.0,65.0,46.0,154.0,1258.0,154.0,105.0,871.0,971.0,871.0,764.0,2021-07-01
CEDRO DE SAO JOAO,0.0,0.0,0.0,0.0,48.0,73.0,48.0,27.0,25.0,516.0,25.0,23.0,367.0,347.0,367.0,286.0,2021-07-01
PORTO DA FOLHA,0.0,0.0,0.0,0.0,153.0,380.0,153.0,115.0,166.0,2183.0,166.0,139.0,1280.0,1478.0,1280.0,1168.0,2021-07-01
GARARU,0.0,0.0,0.0,0.0,23.0,91.0,23.0,14.0,49.0,859.0,49.0,61.0,535.0,709.0,535.0,517.0,2021-07-01
NOSSA SENHORA DAS DORES,0.0,0.0,0.0,0.0,192.0,550.0,192.0,89.0,131.0,1672.0,131.0,111.0,1228.0,1477.0,1228.0,1012.0,2021-07-01
PIRAMBU,0.0,0.0,0.0,0.0,45.0,146.0,45.0,20.0,43.0,710.0,43.0,59.0,372.0,439.0,372.0,345.0,2021-07-01
INDIAROBA,0.0,0.0,0.0,0.0,55.0,148.0,55.0,32.0,81.0,1057.0,81.0,65.0,576.0,734.0,576.0,516.0,2021-07-01
AQUIDABA,0.0,0.0,0.0,0.0,124.0,307.0,124.0,55.0,100.0,1537.0,100.0,84.0,1100.0,1247.0,1100.0,953.0,2021-07-01
ILHA DAS FLORES,0.0,0.0,0.0,0.0,15.0,128.0,15.0,12.0,42.0,502.0,42.0,40.0,348.0,398.0,348.0,276.0,2021-07-01
SAO CRISTOVAO,0.0,0.0,0.0,0.0,29.0,1643.0,29.0,19.0,35.0,1650.0,35.0,24.0,15.0,684.0,15.0,11.0,2021-07-01
MACAMBIRA,0.0,0.0,0.0,0.0,28.0,89.0,28.0,17.0,42.0,494.0,42.0,22.0,379.0,437.0,379.0,314.0,2021-07-01
ARAUA,0.0,0.0,0.0,0.0,22.0,92.0,22.0,15.0,61.0,530.0,61.0,34.0,431.0,609.0,431.0,345.0,2021-07-01
JAPARATUBA,0.0,0.0,0.0,0.0,91.0,233.0,91.0,53.0,129.0,1359.0,129.0,94.0,720.0,944.0,720.0,636.0,2021-07-01
MALHADOR,0.0,0.0,0.0,0.0,39.0,176.0,39.0,17.0,62.0,897.0,62.0,37.0,533.0,690.0,533.0,478.0,2021-07-01
NOSSA SENHORA APARECIDA,0.0,0.0,0.0,1.0,59.0,222.0,59.0,35.0,55.0,684.0,55.0,46.0,423.0,655.0,423.0,467.0,2021-07-01
PROPRIA,0.0,0.0,0.0,0.0,125.0,615.0,125.0,77.0,209.0,2473.0,209.0,143.0,698.0,1277.0,698.0,555.0,2021-07-01
POCO VERDE,0.0,0.0,0.0,0.0,118.0,537.0,118.0,52.0,97.0,1775.0,97.0,60.0,1157.0,1405.0,1157.0,999.0,2021-07-01
CARIRA,0.0,0.0,0.0,0.0,73.0,185.0,73.0,35.0,107.0,1529.0,107.0,69.0,1194.0,1303.0,1194.0,1078.0,2021-07-01
BREJO GRANDE,0.0,0.0,0.0,0.0,39.0,214.0,39.0,22.0,41.0,483.0,41.0,23.0,209.0,303.0,209.0,150.0,2021-07-01
PEDRA MOLE,0.0,0.0,0.0,0.0,14.0,51.0,14.0,14.0,24.0,204.0,24.0,18.0,150.0,194.0,150.0,134.0,2021-07-01
BARRA DOS COQUEIROS,0.0,1.0,0.0,0.0,156.0,550.0,156.0,71.0,418.0,2348.0,418.0,329.0,1315.0,1232.0,1315.0,1011.0,2021-07-01
DIVINA PASTORA,0.0,0.0,0.0,0.0,44.0,63.0,44.0,11.0,43.0,401.0,43.0,46.0,193.0,246.0,193.0,177.0,2021-07-01
SANTA ROSA DE LIMA,0.0,0.0,0.0,0.0,14.0,44.0,14.0,7.0,29.0,315.0,29.0,26.0,211.0,220.0,211.0,183.0,2021-07-01
SANTANA DO SAO FRANCISCO,0.0,0.0,0.0,0.0,17.0,67.0,17.0,16.0,36.0,424.0,36.0,28.0,253.0,325.0,253.0,223.0,2021-07-01
PACATUBA,0.0,0.0,0.0,0.0,47.0,162.0,47.0,32.0,51.0,833.0,51.0,52.0,561.0,700.0,561.0,516.0,2021-07-01
SALGADO,0.0,0.0,0.0,0.0,83.0,204.0,83.0,31.0,85.0,1411.0,85.0,39.0,924.0,1096.0,924.0,803.0,2021-07-01
RIBEIROPOLIS,0.0,0.0,0.0,0.0,95.0,441.0,95.0,60.0,127.0,1371.0,127.0,86.0,1068.0,1126.0,1068.0,878.0,2021-07-01
PEDRINHAS,0.0,0.0,0.0,0.0,33.0,99.0,33.0,18.0,30.0,587.0,30.0,37.0,401.0,424.0,401.0,268.0,2021-07-01
CAMPO DO BRITO,0.0,0.0,0.0,0.0,82.0,273.0,82.0,41.0,71.0,1215.0,71.0,42.0,988.0,1041.0,988.0,743.0,2021-07-01
CRISTINAPOLIS,0.0,0.0,0.0,0.0,62.0,166.0,62.0,32.0,57.0,884.0,57.0,37.0,529.0,483.0,529.0,497.0,2021-07-01
CANHOBA,0.0,0.0,0.0,0.0,12.0,54.0,12.0,13.0,30.0,230.0,30.0,28.0,181.0,245.0,181.0,166.0,2021-07-01
MALHADA DOS BOIS,0.0,0.0,0.0,0.0,12.0,39.0,12.0,12.0,28.0,192.0,28.0,33.0,130.0,188.0,130.0,123.0,2021-07-01
CARMOPOLIS,0.0,0.0,0.0,0.0,67.0,78.0,67.0,16.0,105.0,870.0,105.0,58.0,199.0,474.0,199.0,152.0,2021-07-01
SIRIRI,0.0,0.0,0.0,0.0,34.0,147.0,34.0,18.0,55.0,560.0,55.0,29.0,416.0,429.0,416.0,355.0,2021-07-01
NOSSA SENHORA DE LOURDES,0.0,0.0,0.0,0.0,34.0,85.0,34.0,12.0,25.0,503.0,25.0,37.0,344.0,379.0,344.0,295.0,2021-07-01
ITABI,0.0,0.0,0.0,0.0,17.0,66.0,17.0,14.0,24.0,375.0,24.0,32.0,292.0,376.0,292.0,272.0,2021-07-01
SAO FRANCISCO,0.0,0.0,0.0,0.0,21.0,55.0,21.0,16.0,17.0,201.0,17.0,26.0,166.0,194.0,166.0,156.0,2021-07-01
UMBAUBA,0.0,0.0,0.0,0.0,100.0,68.0,100.0,41.0,99.0,836.0,99.0,83.0,982.0,1025.0,982.0,759.0,2021-07-01
ROSARIO DO CATETE,0.0,1.0,0.0,0.0,48.0,110.0,48.0,17.0,101.0,697.0,101.0,34.0,275.0,354.0,275.0,216.0,2021-07-01
CUMBE,0.0,0.0,0.0,0.0,15.0,79.0,15.0,7.0,21.0,392.0,21.0,33.0,230.0,226.0,230.0,185.0,2021-07-01
RIACHUELO,0.0,0.0,0.0,0.0,52.0,171.0,52.0,16.0,65.0,769.0,65.0,45.0,367.0,352.0,367.0,264.0,2021-07-01
GENERAL MAYNARD,0.0,0.0,0.0,0.0,30.0,41.0,30.0,8.0,24.0,255.0,24.0,23.0,155.0,166.0,155.0,131.0,2021-07-01
MURIBECA,0.0,0.0,0.0,0.0,30.0,98.0,30.0,17.0,35.0,535.0,35.0,25.0,456.0,477.0,456.0,370.0,2021-07-01
GRACHO CARDOSO,0.0,0.0,0.0,0.0,24.0,63.0,24.0,13.0,22.0,448.0,22.0,33.0,237.0,348.0,237.0,231.0,2021-07-01
FEIRA NOVA,0.0,0.0,0.0,0.0,13.0,77.0,13.0,7.0,24.0,369.0,24.0,25.0,250.0,283.0,250.0,210.0,2021-07-01
SAO DOMINGOS,0.0,0.0,0.0,0.0,49.0,165.0,49.0,28.0,60.0,684.0,60.0,26.0,582.0,613.0,582.0,523.0,2021-07-01
TELHA,0.0,0.0,0.0,0.0,16.0,68.0,16.0,10.0,24.0,220.0,24.0,34.0,123.0,139.0,123.0,103.0,2021-07-01
SANTO AMARO DAS BROTAS,1.0,0.0,1.0,0.0,28.0,50.0,28.0,11.0,66.0,320.0,66.0,35.0,149.0,457.0,149.0,116.0,2021-07-01
AMPARO DE SAO FRANCISCO,0.0,0.0,0.0,0.0,12.0,80.0,12.0,11.0,17.0,246.0,17.0,28.0,89.0,129.0,89.0,65.0,2021-07-01
NOSSA SENHORA DO SOCORRO,0.0,1.0,0.0,0.0,720.0,4253.0,720.0,588.0,3217.0,15790.0,3217.0,2430.0,7423.0,5791.0,7423.0,5355.0,2021-08-01
LAGARTO,0.0,0.0,0.0,0.0,1647.0,3797.0,1647.0,830.0,2583.0,11188.0,2583.0,1905.0,5300.0,5105.0,5300.0,4216.0,2021-08-01
CANINDE DE SAO FRANCISCO,0.0,0.0,0.0,0.0,295.0,406.0,295.0,133.0,386.0,2490.0,386.0,293.0,1001.0,1110.0,1001.0,968.0,2021-08-01
MARUIM,0.0,0.0,0.0,0.0,48.0,216.0,48.0,24.0,259.0,1503.0,259.0,210.0,789.0,663.0,789.0,585.0,2021-08-01
ARACAJU,6.0,16.0,6.0,4.0,9301.0,29189.0,9301.0,3822.0,17259.0,66303.0,17259.0,11141.0,45757.0,30892.0,45757.0,29437.0,2021-08-01
TOBIAS BARRETO,0.0,1.0,0.0,0.0,335.0,2429.0,335.0,303.0,985.0,5419.0,985.0,855.0,3297.0,2862.0,3297.0,2644.0,2021-08-01
LARANJEIRAS,0.0,0.0,0.0,0.0,532.0,2389.0,532.0,469.0,683.0,3141.0,683.0,660.0,951.0,971.0,951.0,791.0,2021-08-01
CAPELA,0.0,3.0,0.0,0.0,369.0,1299.0,369.0,194.0,500.0,3601.0,500.0,417.0,1519.0,1642.0,1519.0,1261.0,2021-08-01
ESTANCIA,0.0,0.0,0.0,0.0,710.0,1816.0,710.0,354.0,2074.0,6224.0,2074.0,1870.0,3961.0,3437.0,3961.0,3164.0,2021-08-01
MOITA BONITA,0.0,1.0,0.0,0.0,84.0,364.0,84.0,62.0,352.0,1253.0,352.0,244.0,883.0,801.0,883.0,731.0,2021-08-01
TOMAR DO GERU,0.0,1.0,0.0,0.0,31.0,257.0,31.0,17.0,165.0,1230.0,165.0,163.0,586.0,613.0,586.0,500.0,2021-08-01
ITABAIANINHA,0.0,1.0,0.0,0.0,247.0,1577.0,247.0,183.0,728.0,3612.0,728.0,605.0,1987.0,1896.0,1987.0,1712.0,2021-08-01
ITABAIANA,0.0,0.0,0.0,0.0,773.0,2562.0,773.0,372.0,2518.0,9655.0,2518.0,1633.0,5630.0,4774.0,5630.0,4249.0,2021-08-01
NOSSA SENHORA DA GLORIA,0.0,1.0,0.0,1.0,192.0,966.0,192.0,103.0,742.0,3502.0,742.0,553.0,1905.0,1879.0,1905.0,1664.0,2021-08-01
FREI PAULO,0.0,0.0,0.0,0.0,118.0,650.0,118.0,77.0,237.0,1586.0,237.0,187.0,901.0,817.0,901.0,730.0,2021-08-01
SAO MIGUEL DO ALEIXO,0.0,0.0,0.0,0.0,54.0,101.0,54.0,28.0,79.0,398.0,79.0,73.0,282.0,243.0,282.0,214.0,2021-08-01
BOQUIM,0.0,0.0,0.0,1.0,153.0,371.0,153.0,77.0,480.0,2563.0,480.0,360.0,1162.0,1393.0,1162.0,981.0,2021-08-01
JAPOATA,0.0,0.0,0.0,0.0,178.0,291.0,178.0,118.0,240.0,1431.0,240.0,213.0,650.0,699.0,650.0,599.0,2021-08-01
SIMAO DIAS,0.0,0.0,0.0,0.0,336.0,1187.0,336.0,179.0,557.0,3642.0,557.0,425.0,2185.0,2257.0,2185.0,1659.0,2021-08-01
POCO REDONDO,0.0,1.0,0.0,0.0,198.0,668.0,198.0,129.0,348.0,2835.0,348.0,260.0,1287.0,1314.0,1287.0,1190.0,2021-08-01
SANTA LUZIA DO ITANHY,0.0,0.0,0.0,0.0,463.0,853.0,463.0,367.0,509.0,1454.0,509.0,480.0,539.0,656.0,539.0,576.0,2021-08-01
PINHAO,0.0,0.0,0.0,0.0,29.0,114.0,29.0,22.0,107.0,721.0,107.0,101.0,465.0,388.0,465.0,383.0,2021-08-01
AREIA BRANCA,0.0,1.0,0.0,0.0,96.0,611.0,96.0,56.0,347.0,1906.0,347.0,247.0,874.0,860.0,874.0,727.0,2021-08-01
MONTE ALEGRE DE SERGIPE,0.0,0.0,0.0,0.0,70.0,134.0,70.0,61.0,172.0,1265.0,172.0,162.0,646.0,636.0,646.0,595.0,2021-08-01
RIACHAO DO DANTAS,0.0,0.0,0.0,0.0,171.0,329.0,171.0,87.0,340.0,1944.0,340.0,311.0,1176.0,1120.0,1176.0,1025.0,2021-08-01
ITAPORANGA D'AJUDA,0.0,1.0,0.0,0.0,209.0,976.0,209.0,136.0,449.0,3188.0,449.0,385.0,1696.0,1682.0,1696.0,1474.0,2021-08-01
NEOPOLIS,0.0,0.0,0.0,0.0,96.0,687.0,96.0,70.0,266.0,1910.0,266.0,229.0,1009.0,980.0,1009.0,873.0,2021-08-01
CEDRO DE SAO JOAO,0.0,0.0,0.0,0.0,53.0,118.0,53.0,32.0,70.0,639.0,70.0,76.0,407.0,349.0,407.0,329.0,2021-08-01
PORTO DA FOLHA,0.0,0.0,0.0,0.0,266.0,392.0,266.0,231.0,584.0,3018.0,584.0,533.0,1557.0,1485.0,1557.0,1445.0,2021-08-01
GARARU,0.0,0.0,0.0,0.0,34.0,124.0,34.0,23.0,144.0,1308.0,144.0,192.0,612.0,714.0,612.0,628.0,2021-08-01
NOSSA SENHORA DAS DORES,0.0,0.0,0.0,0.0,243.0,694.0,243.0,122.0,406.0,2630.0,406.0,395.0,1575.0,1495.0,1575.0,1302.0,2021-08-01
PIRAMBU,0.0,0.0,0.0,0.0,94.0,205.0,94.0,47.0,247.0,968.0,247.0,215.0,437.0,442.0,437.0,416.0,2021-08-01
INDIAROBA,0.0,0.0,0.0,0.0,103.0,296.0,103.0,61.0,294.0,1623.0,294.0,241.0,690.0,749.0,690.0,621.0,2021-08-01
AQUIDABA,0.0,0.0,0.0,0.0,171.0,560.0,171.0,85.0,255.0,1969.0,255.0,232.0,1298.0,1255.0,1298.0,1119.0,2021-08-01
ILHA DAS FLORES,0.0,0.0,0.0,0.0,105.0,143.0,105.0,80.0,163.0,763.0,163.0,157.0,439.0,406.0,439.0,340.0,2021-08-01
SAO CRISTOVAO,0.0,0.0,0.0,0.0,31.0,1657.0,31.0,21.0,38.0,1671.0,38.0,35.0,17.0,685.0,17.0,15.0,2021-08-01
MACAMBIRA,0.0,0.0,0.0,0.0,39.0,136.0,39.0,27.0,165.0,716.0,165.0,114.0,478.0,437.0,478.0,396.0,2021-08-01
ARAUA,0.0,0.0,0.0,0.0,25.0,112.0,25.0,24.0,151.0,1030.0,151.0,131.0,577.0,609.0,577.0,488.0,2021-08-01
JAPARATUBA,0.0,0.0,0.0,0.0,116.0,357.0,116.0,70.0,324.0,1842.0,324.0,300.0,899.0,949.0,899.0,827.0,2021-08-01
MALHADOR,0.0,0.0,0.0,0.0,83.0,214.0,83.0,25.0,161.0,1336.0,161.0,116.0,733.0,694.0,733.0,658.0,2021-08-01
NOSSA SENHORA APARECIDA,0.0,0.0,0.0,1.0,64.0,287.0,64.0,40.0,156.0,1062.0,156.0,138.0,487.0,659.0,487.0,548.0,2021-08-01
PROPRIA,0.0,0.0,0.0,0.0,162.0,1014.0,162.0,90.0,266.0,2745.0,266.0,172.0,744.0,1283.0,744.0,618.0,2021-08-01
POCO VERDE,0.0,0.0,0.0,0.0,146.0,653.0,146.0,84.0,253.0,2420.0,253.0,228.0,1303.0,1406.0,1303.0,1117.0,2021-08-01
CARIRA,0.0,0.0,0.0,0.0,78.0,387.0,78.0,42.0,222.0,2182.0,222.0,214.0,1329.0,1316.0,1329.0,1201.0,2021-08-01
BREJO GRANDE,0.0,0.0,0.0,0.0,150.0,330.0,150.0,103.0,142.0,730.0,142.0,122.0,300.0,306.0,300.0,220.0,2021-08-01
PEDRA MOLE,0.0,0.0,0.0,0.0,34.0,71.0,34.0,23.0,97.0,324.0,97.0,74.0,210.0,195.0,210.0,191.0,2021-08-01
BARRA DOS COQUEIROS,0.0,1.0,0.0,0.0,219.0,651.0,219.0,136.0,709.0,3579.0,709.0,577.0,1526.0,1240.0,1526.0,1152.0,2021-08-01
DIVINA PASTORA,0.0,0.0,0.0,0.0,65.0,65.0,65.0,14.0,108.0,552.0,108.0,102.0,230.0,246.0,230.0,215.0,2021-08-01
SANTA ROSA DE LIMA,0.0,0.0,0.0,0.0,21.0,77.0,21.0,14.0,104.0,433.0,104.0,115.0,238.0,221.0,238.0,217.0,2021-08-01
SANTANA DO SAO FRANCISCO,0.0,0.0,0.0,0.0,52.0,71.0,52.0,25.0,119.0,697.0,119.0,109.0,353.0,330.0,353.0,303.0,2021-08-01
PACATUBA,0.0,0.0,0.0,0.0,107.0,210.0,107.0,42.0,138.0,1349.0,138.0,138.0,715.0,703.0,715.0,661.0,2021-08-01
SALGADO,0.0,0.0,0.0,0.0,112.0,244.0,112.0,48.0,244.0,2196.0,244.0,212.0,1136.0,1103.0,1136.0,1003.0,2021-08-01
RIBEIROPOLIS,0.0,0.0,0.0,0.0,128.0,466.0,128.0,90.0,425.0,2010.0,425.0,285.0,1307.0,1129.0,1307.0,1092.0,2021-08-01
PEDRINHAS,0.0,0.0,0.0,0.0,42.0,165.0,42.0,33.0,125.0,851.0,125.0,121.0,497.0,424.0,497.0,357.0,2021-08-01
CAMPO DO BRITO,0.0,0.0,0.0,0.0,115.0,300.0,115.0,47.0,263.0,1783.0,263.0,192.0,1245.0,1047.0,1245.0,939.0,2021-08-01
CRISTINAPOLIS,0.0,0.0,0.0,0.0,74.0,352.0,74.0,41.0,143.0,1409.0,143.0,127.0,534.0,491.0,534.0,510.0,2021-08-01
CANHOBA,0.0,0.0,0.0,0.0,12.0,77.0,12.0,17.0,60.0,448.0,60.0,57.0,185.0,247.0,185.0,176.0,2021-08-01
MALHADA DOS BOIS,0.0,0.0,0.0,0.0,13.0,52.0,13.0,15.0,53.0,304.0,53.0,47.0,142.0,191.0,142.0,136.0,2021-08-01
CARMOPOLIS,0.0,0.0,0.0,0.0,95.0,186.0,95.0,16.0,279.0,1369.0,279.0,207.0,339.0,475.0,339.0,275.0,2021-08-01
SIRIRI,0.0,0.0,0.0,0.0,115.0,217.0,115.0,43.0,175.0,867.0,175.0,142.0,469.0,430.0,469.0,409.0,2021-08-01
NOSSA SENHORA DE LOURDES,0.0,0.0,0.0,0.0,45.0,132.0,45.0,20.0,64.0,764.0,64.0,80.0,410.0,383.0,410.0,349.0,2021-08-01
ITABI,0.0,0.0,0.0,0.0,17.0,70.0,17.0,15.0,44.0,548.0,44.0,53.0,379.0,378.0,379.0,345.0,2021-08-01
SAO FRANCISCO,0.0,0.0,0.0,0.0,42.0,61.0,42.0,19.0,46.0,366.0,46.0,64.0,195.0,198.0,195.0,178.0,2021-08-01
UMBAUBA,0.0,0.0,0.0,0.0,101.0,70.0,101.0,41.0,100.0,836.0,100.0,84.0,1219.0,1025.0,1219.0,968.0,2021-08-01
ROSARIO DO CATETE,0.0,1.0,0.0,0.0,83.0,758.0,83.0,27.0,209.0,1209.0,209.0,157.0,361.0,358.0,361.0,293.0,2021-08-01
CUMBE,0.0,0.0,0.0,0.0,44.0,141.0,44.0,46.0,143.0,497.0,143.0,115.0,270.0,226.0,270.0,212.0,2021-08-01
RIACHUELO,1.0,0.0,1.0,0.0,96.0,483.0,96.0,64.0,195.0,1030.0,195.0,162.0,417.0,359.0,417.0,312.0,2021-08-01
GENERAL MAYNARD,0.0,0.0,0.0,0.0,42.0,46.0,42.0,15.0,85.0,351.0,85.0,89.0,196.0,166.0,196.0,165.0,2021-08-01
MURIBECA,0.0,0.0,0.0,0.0,39.0,274.0,39.0,26.0,75.0,929.0,75.0,74.0,500.0,498.0,500.0,413.0,2021-08-01
GRACHO CARDOSO,0.0,0.0,0.0,0.0,27.0,73.0,27.0,16.0,65.0,712.0,65.0,72.0,305.0,350.0,305.0,288.0,2021-08-01
FEIRA NOVA,0.0,0.0,0.0,0.0,20.0,78.0,20.0,11.0,46.0,511.0,46.0,57.0,311.0,287.0,311.0,259.0,2021-08-01
SAO DOMINGOS,0.0,0.0,0.0,0.0,55.0,254.0,55.0,35.0,157.0,1107.0,157.0,99.0,658.0,615.0,658.0,583.0,2021-08-01
TELHA,0.0,0.0,0.0,0.0,27.0,75.0,27.0,19.0,81.0,353.0,81.0,86.0,140.0,140.0,140.0,128.0,2021-08-01
SANTO AMARO DAS BROTAS,1.0,0.0,1.0,0.0,28.0,56.0,28.0,11.0,67.0,322.0,67.0,36.0,149.0,457.0,149.0,116.0,2021-08-01
AMPARO DE SAO FRANCISCO,0.0,0.0,0.0,0.0,53.0,120.0,53.0,45.0,83.0,282.0,83.0,90.0,131.0,131.0,131.0,107.0,2021-08-01
NOSSA SENHORA DO SOCORRO,0.0,5.0,0.0,0.0,2031.0,18852.0,2031.0,1506.0,8179.0,18876.0,8179.0,5333.0,7723.0,5862.0,7723.0,5591.0,2021-09-01
LAGARTO,0.0,0.0,0.0,0.0,2365.0,7881.0,2365.0,1363.0,4622.0,11621.0,4622.0,3324.0,5462.0,5151.0,5462.0,4359.0,2021-09-01
CANINDE DE SAO FRANCISCO,0.0,0.0,0.0,0.0,492.0,2553.0,492.0,243.0,1230.0,2934.0,1230.0,850.0,1092.0,1128.0,1092.0,1058.0,2021-09-01
MARUIM,0.0,0.0,0.0,0.0,142.0,1322.0,142.0,71.0,743.0,1690.0,743.0,458.0,841.0,668.0,841.0,626.0,2021-09-01
ARACAJU,7.0,16.0,7.0,5.0,18637.0,67080.0,18637.0,11125.0,34051.0,73962.0,34051.0,24069.0,46975.0,31138.0,46975.0,30252.0,2021-09-01
TOBIAS BARRETO,0.0,3.0,0.0,0.0,1045.0,4901.0,1045.0,823.0,2198.0,5736.0,2198.0,1817.0,3438.0,2887.0,3438.0,2768.0,2021-09-01
LARANJEIRAS,0.0,0.0,0.0,0.0,663.0,2806.0,663.0,582.0,1066.0,3212.0,1066.0,899.0,967.0,975.0,967.0,804.0,2021-09-01
CAPELA,0.0,3.0,0.0,0.0,638.0,3283.0,638.0,354.0,1483.0,3849.0,1483.0,948.0,1642.0,1656.0,1642.0,1366.0,2021-09-01
ESTANCIA,0.0,0.0,0.0,0.0,1170.0,5040.0,1170.0,664.0,3963.0,6576.0,3963.0,3084.0,4121.0,3448.0,4121.0,3302.0,2021-09-01
MOITA BONITA,0.0,2.0,0.0,0.0,265.0,1131.0,265.0,142.0,746.0,1402.0,746.0,496.0,891.0,805.0,891.0,738.0,2021-09-01
TOMAR DO GERU,0.0,2.0,0.0,0.0,128.0,735.0,128.0,82.0,475.0,1341.0,475.0,382.0,633.0,618.0,633.0,555.0,2021-09-01
ITABAIANINHA,0.0,2.0,0.0,0.0,781.0,3514.0,781.0,553.0,2062.0,4216.0,2062.0,1509.0,2130.0,1921.0,2130.0,1826.0,2021-09-01
ITABAIANA,0.0,0.0,0.0,0.0,1752.0,8922.0,1752.0,1065.0,5370.0,10925.0,5370.0,3733.0,6007.0,4804.0,6007.0,4588.0,2021-09-01
NOSSA SENHORA DA GLORIA,1.0,1.0,1.0,1.0,525.0,3413.0,525.0,392.0,1779.0,4102.0,1779.0,1351.0,1979.0,1891.0,1979.0,1747.0,2021-09-01
FREI PAULO,0.0,0.0,0.0,0.0,408.0,1640.0,408.0,311.0,853.0,1727.0,853.0,649.0,936.0,826.0,936.0,767.0,2021-09-01
SAO MIGUEL DO ALEIXO,0.0,0.0,0.0,0.0,134.0,414.0,134.0,85.0,317.0,424.0,317.0,234.0,315.0,246.0,315.0,244.0,2021-09-01
BOQUIM,0.0,1.0,0.0,1.0,257.0,1947.0,257.0,172.0,1076.0,2914.0,1076.0,774.0,1252.0,1403.0,1252.0,1065.0,2021-09-01
JAPOATA,0.0,0.0,0.0,0.0,241.0,1147.0,241.0,162.0,486.0,1544.0,486.0,413.0,711.0,703.0,711.0,653.0,2021-09-01
SIMAO DIAS,0.0,0.0,0.0,0.0,461.0,2451.0,461.0,242.0,913.0,3848.0,913.0,637.0,2306.0,2265.0,2306.0,1784.0,2021-09-01
POCO REDONDO,0.0,1.0,0.0,0.0,565.0,2848.0,565.0,343.0,1557.0,3218.0,1557.0,1101.0,1329.0,1340.0,1329.0,1229.0,2021-09-01
SANTA LUZIA DO ITANHY,0.0,0.0,0.0,0.0,661.0,1338.0,661.0,507.0,868.0,1536.0,868.0,747.0,595.0,665.0,595.0,633.0,2021-09-01
PINHAO,0.0,0.0,0.0,0.0,45.0,643.0,45.0,25.0,184.0,759.0,184.0,167.0,466.0,389.0,466.0,388.0,2021-09-01
AREIA BRANCA,0.0,1.0,0.0,0.0,204.0,1858.0,204.0,126.0,819.0,2067.0,819.0,554.0,923.0,868.0,923.0,779.0,2021-09-01
MONTE ALEGRE DE SERGIPE,0.0,0.0,0.0,0.0,145.0,1121.0,145.0,106.0,481.0,1424.0,481.0,350.0,662.0,639.0,662.0,620.0,2021-09-01
RIACHAO DO DANTAS,0.0,0.0,0.0,0.0,303.0,1688.0,303.0,201.0,1162.0,2209.0,1162.0,810.0,1230.0,1133.0,1230.0,1079.0,2021-09-01
ITAPORANGA D'AJUDA,0.0,1.0,0.0,1.0,539.0,3063.0,539.0,325.0,1474.0,3931.0,1474.0,989.0,1819.0,1702.0,1819.0,1600.0,2021-09-01
NEOPOLIS,0.0,3.0,0.0,0.0,312.0,1553.0,312.0,285.0,924.0,2050.0,924.0,670.0,1051.0,991.0,1051.0,911.0,2021-09-01
CEDRO DE SAO JOAO,0.0,0.0,0.0,0.0,134.0,424.0,134.0,68.0,275.0,694.0,275.0,216.0,414.0,350.0,414.0,336.0,2021-09-01
PORTO DA FOLHA,0.0,0.0,0.0,0.0,622.0,2780.0,622.0,452.0,1571.0,3303.0,1571.0,1383.0,1588.0,1493.0,1588.0,1488.0,2021-09-01
GARARU,0.0,0.0,0.0,0.0,106.0,983.0,106.0,72.0,422.0,1480.0,422.0,409.0,678.0,722.0,678.0,708.0,2021-09-01
NOSSA SENHORA DAS DORES,2.0,0.0,2.0,0.0,581.0,2375.0,581.0,301.0,1122.0,2905.0,1122.0,806.0,1659.0,1511.0,1659.0,1375.0,2021-09-01
PIRAMBU,0.0,5.0,0.0,0.0,240.0,795.0,240.0,157.0,596.0,1055.0,596.0,433.0,449.0,444.0,449.0,428.0,2021-09-01
INDIAROBA,0.0,7.0,0.0,0.0,255.0,1285.0,255.0,158.0,691.0,1783.0,691.0,442.0,770.0,760.0,770.0,706.0,2021-09-01
AQUIDABA,0.0,1.0,0.0,0.0,362.0,1581.0,362.0,189.0,787.0,2160.0,787.0,560.0,1373.0,1272.0,1373.0,1192.0,2021-09-01
ILHA DAS FLORES,0.0,0.0,0.0,0.0,187.0,710.0,187.0,123.0,420.0,869.0,420.0,328.0,488.0,408.0,488.0,382.0,2021-09-01
SAO CRISTOVAO,0.0,0.0,0.0,1.0,117.0,3140.0,117.0,82.0,660.0,2019.0,660.0,544.0,96.0,691.0,96.0,76.0,2021-09-01
MACAMBIRA,0.0,0.0,0.0,0.0,83.0,580.0,83.0,59.0,412.0,793.0,412.0,248.0,501.0,439.0,501.0,433.0,2021-09-01
ARAUA,0.0,0.0,0.0,0.0,53.0,820.0,53.0,41.0,430.0,1305.0,430.0,353.0,641.0,611.0,641.0,554.0,2021-09-01
JAPARATUBA,0.0,1.0,0.0,0.0,302.0,1473.0,302.0,199.0,819.0,1959.0,819.0,615.0,937.0,954.0,937.0,873.0,2021-09-01
MALHADOR,0.0,0.0,0.0,0.0,161.0,1118.0,161.0,56.0,522.0,1484.0,522.0,337.0,749.0,700.0,749.0,686.0,2021-09-01
NOSSA SENHORA APARECIDA,0.0,0.0,0.0,1.0,157.0,881.0,157.0,113.0,374.0,1150.0,374.0,286.0,506.0,663.0,506.0,558.0,2021-09-01
PROPRIA,0.0,1.0,0.0,0.0,178.0,1508.0,178.0,97.0,274.0,2824.0,274.0,188.0,744.0,1286.0,744.0,619.0,2021-09-01
POCO VERDE,0.0,0.0,0.0,0.0,330.0,1935.0,330.0,211.0,664.0,2601.0,664.0,517.0,1331.0,1412.0,1331.0,1142.0,2021-09-01
CARIRA,0.0,0.0,0.0,0.0,250.0,1793.0,250.0,144.0,945.0,2403.0,945.0,683.0,1395.0,1328.0,1395.0,1246.0,2021-09-01
BREJO GRANDE,0.0,0.0,0.0,0.0,178.0,571.0,178.0,121.0,233.0,758.0,233.0,170.0,312.0,308.0,312.0,237.0,2021-09-01
PEDRA MOLE,0.0,0.0,0.0,0.0,63.0,309.0,63.0,39.0,246.0,363.0,246.0,179.0,211.0,195.0,211.0,193.0,2021-09-01
BARRA DOS COQUEIROS,0.0,1.0,0.0,0.0,355.0,2788.0,355.0,284.0,1468.0,3903.0,1468.0,1241.0,1599.0,1249.0,1599.0,1222.0,2021-09-01
DIVINA PASTORA,0.0,0.0,0.0,0.0,113.0,448.0,113.0,54.0,290.0,588.0,290.0,196.0,240.0,247.0,240.0,223.0,2021-09-01
SANTA ROSA DE LIMA,0.0,0.0,0.0,0.0,64.0,318.0,64.0,38.0,247.0,480.0,247.0,188.0,243.0,222.0,243.0,224.0,2021-09-01
SANTANA DO SAO FRANCISCO,0.0,0.0,0.0,0.0,140.0,618.0,140.0,54.0,434.0,794.0,434.0,287.0,377.0,331.0,377.0,329.0,2021-09-01
PACATUBA,0.0,0.0,0.0,0.0,290.0,1323.0,290.0,145.0,802.0,1601.0,802.0,530.0,738.0,710.0,738.0,691.0,2021-09-01
SALGADO,0.0,0.0,0.0,0.0,220.0,1737.0,220.0,130.0,727.0,2422.0,727.0,532.0,1193.0,1113.0,1193.0,1055.0,2021-09-01
RIBEIROPOLIS,0.0,0.0,0.0,0.0,394.0,1830.0,394.0,332.0,1185.0,2157.0,1185.0,801.0,1318.0,1137.0,1318.0,1113.0,2021-09-01
PEDRINHAS,0.0,2.0,0.0,0.0,100.0,657.0,100.0,62.0,333.0,943.0,333.0,236.0,525.0,425.0,525.0,378.0,2021-09-01
CAMPO DO BRITO,0.0,1.0,0.0,0.0,167.0,1576.0,167.0,88.0,595.0,2068.0,595.0,404.0,1269.0,1058.0,1269.0,973.0,2021-09-01
CRISTINAPOLIS,0.0,0.0,0.0,0.0,125.0,1026.0,125.0,67.0,435.0,1513.0,435.0,310.0,547.0,497.0,547.0,520.0,2021-09-01
CANHOBA,0.0,0.0,0.0,0.0,88.0,359.0,88.0,76.0,155.0,546.0,155.0,138.0,226.0,252.0,226.0,223.0,2021-09-01
MALHADA DOS BOIS,0.0,0.0,0.0,0.0,25.0,323.0,25.0,20.0,87.0,390.0,87.0,74.0,155.0,195.0,155.0,153.0,2021-09-01
CARMOPOLIS,0.0,0.0,0.0,0.0,281.0,1202.0,281.0,160.0,577.0,1555.0,577.0,390.0,362.0,479.0,362.0,290.0,2021-09-01
SIRIRI,0.0,0.0,0.0,0.0,240.0,739.0,240.0,130.0,508.0,928.0,508.0,357.0,484.0,433.0,484.0,421.0,2021-09-01
NOSSA SENHORA DE LOURDES,0.0,0.0,0.0,0.0,135.0,596.0,135.0,78.0,331.0,829.0,331.0,260.0,424.0,384.0,424.0,369.0,2021-09-01
ITABI,0.0,0.0,0.0,0.0,31.0,418.0,31.0,39.0,212.0,595.0,212.0,175.0,404.0,379.0,404.0,375.0,2021-09-01
SAO FRANCISCO,0.0,0.0,0.0,0.0,63.0,311.0,63.0,38.0,174.0,443.0,174.0,153.0,203.0,199.0,203.0,192.0,2021-09-01
UMBAUBA,0.0,0.0,0.0,0.0,101.0,72.0,101.0,42.0,102.0,839.0,102.0,88.0,1219.0,1079.0,1219.0,968.0,2021-09-01
ROSARIO DO CATETE,0.0,1.0,0.0,0.0,180.0,1177.0,180.0,81.0,573.0,1288.0,573.0,387.0,391.0,362.0,391.0,328.0,2021-09-01
CUMBE,0.0,0.0,0.0,0.0,97.0,388.0,97.0,86.0,270.0,516.0,270.0,229.0,273.0,226.0,273.0,216.0,2021-09-01
RIACHUELO,1.0,0.0,1.0,0.0,226.0,869.0,226.0,120.0,450.0,1098.0,450.0,305.0,426.0,361.0,426.0,317.0,2021-09-01
GENERAL MAYNARD,0.0,0.0,0.0,0.0,103.0,277.0,103.0,37.0,204.0,379.0,204.0,161.0,197.0,166.0,197.0,167.0,2021-09-01
MURIBECA,0.0,0.0,0.0,0.0,136.0,844.0,136.0,84.0,419.0,986.0,419.0,287.0,512.0,503.0,512.0,431.0,2021-09-01
GRACHO CARDOSO,0.0,0.0,0.0,0.0,59.0,500.0,59.0,31.0,332.0,803.0,332.0,287.0,319.0,350.0,319.0,302.0,2021-09-01
FEIRA NOVA,0.0,0.0,0.0,0.0,42.0,477.0,42.0,29.0,204.0,588.0,204.0,130.0,327.0,290.0,327.0,278.0,2021-09-01
SAO DOMINGOS,0.0,0.0,0.0,0.0,133.0,863.0,133.0,88.0,447.0,1157.0,447.0,275.0,672.0,616.0,672.0,596.0,2021-09-01
TELHA,0.0,0.0,0.0,0.0,58.0,281.0,58.0,44.0,245.0,404.0,245.0,216.0,140.0,141.0,140.0,129.0,2021-09-01
SANTO AMARO DAS BROTAS,1.0,0.0,1.0,0.0,31.0,64.0,31.0,13.0,75.0,326.0,75.0,45.0,149.0,457.0,149.0,116.0,2021-09-01
AMPARO DE SAO FRANCISCO,0.0,0.0,0.0,0.0,94.0,236.0,94.0,58.0,172.0,298.0,172.0,147.0,141.0,132.0,141.0,115.0,2021-09-01
NOSSA SENHORA DO SOCORRO,0.0,147.0,0.0,0.0,2703.0,19610.0,2703.0,2350.0,11278.0,19239.0,11278.0,7983.0,7778.0,5882.0,7778.0,5629.0,2021-10-01
LAGARTO,0.0,312.0,0.0,1.0,2941.0,8226.0,2941.0,1797.0,7588.0,11777.0,7588.0,5861.0,5514.0,5179.0,5514.0,4402.0,2021-10-01
CANINDE DE SAO FRANCISCO,0.0,558.0,0.0,0.0,758.0,2828.0,758.0,443.0,1991.0,3068.0,1991.0,1563.0,1103.0,1186.0,1103.0,1068.0,2021-10-01
MARUIM,0.0,330.0,0.0,0.0,381.0,1409.0,381.0,299.0,1200.0,1729.0,1200.0,908.0,848.0,696.0,848.0,632.0,2021-10-01
ARACAJU,19.0,11381.0,19.0,16.0,33955.0,70127.0,33955.0,23372.0,83783.0,76434.0,83783.0,62500.0,47651.0,33373.0,47651.0,30771.0,2021-10-01
TOBIAS BARRETO,1.0,1437.0,1.0,0.0,1969.0,5526.0,1969.0,1754.0,4744.0,5974.0,4744.0,4146.0,3483.0,2929.0,3483.0,2827.0,2021-10-01
LARANJEIRAS,0.0,282.0,0.0,0.0,841.0,2848.0,841.0,782.0,1391.0,3246.0,1391.0,1227.0,969.0,977.0,969.0,807.0,2021-10-01
CAPELA,1.0,951.0,1.0,0.0,1189.0,3594.0,1189.0,798.0,3165.0,3984.0,3165.0,2638.0,1672.0,1692.0,1672.0,1403.0,2021-10-01
ESTANCIA,0.0,233.0,0.0,0.0,1672.0,5373.0,1672.0,1170.0,5666.0,6720.0,5666.0,4659.0,4166.0,3473.0,4166.0,3332.0,2021-10-01
MOITA BONITA,0.0,312.0,0.0,1.0,554.0,1223.0,554.0,439.0,1327.0,1459.0,1327.0,1111.0,897.0,806.0,897.0,745.0,2021-10-01
TOMAR DO GERU,0.0,239.0,0.0,0.0,391.0,939.0,391.0,283.0,1022.0,1445.0,1022.0,881.0,650.0,622.0,650.0,573.0,2021-10-01
ITABAIANINHA,0.0,1317.0,0.0,1.0,1472.0,4106.0,1472.0,1144.0,3350.0,4535.0,3350.0,2727.0,2159.0,1961.0,2159.0,1856.0,2021-10-01
ITABAIANA,1.0,1297.0,1.0,1.0,3132.0,10185.0,3132.0,2644.0,8922.0,11331.0,8922.0,7319.0,6069.0,5063.0,6069.0,4651.0,2021-10-01
NOSSA SENHORA DA GLORIA,2.0,1.0,2.0,1.0,1038.0,4396.0,1038.0,967.0,3481.0,4331.0,3481.0,2878.0,2004.0,1945.0,2004.0,1768.0,2021-10-01
FREI PAULO,0.0,236.0,0.0,0.0,862.0,1814.0,862.0,673.0,1644.0,1782.0,1644.0,1336.0,944.0,890.0,944.0,777.0,2021-10-01
SAO MIGUEL DO ALEIXO,0.0,36.0,0.0,0.0,282.0,446.0,282.0,195.0,413.0,431.0,413.0,310.0,315.0,246.0,315.0,249.0,2021-10-01
BOQUIM,0.0,697.0,0.0,3.0,561.0,2213.0,561.0,464.0,2237.0,3012.0,2237.0,1811.0,1270.0,1429.0,1270.0,1085.0,2021-10-01
JAPOATA,0.0,205.0,0.0,0.0,567.0,1272.0,567.0,450.0,1069.0,1578.0,1069.0,963.0,724.0,709.0,724.0,658.0,2021-10-01
SIMAO DIAS,0.0,2.0,0.0,0.0,463.0,2454.0,463.0,244.0,914.0,3852.0,914.0,645.0,2307.0,2266.0,2307.0,1784.0,2021-10-01
POCO REDONDO,4.0,1143.0,4.0,3.0,958.0,3262.0,958.0,632.0,2640.0,3387.0,2640.0,2253.0,1345.0,1377.0,1345.0,1244.0,2021-10-01
SANTA LUZIA DO ITANHY,0.0,245.0,0.0,1.0,978.0,1440.0,978.0,781.0,1384.0,1578.0,1384.0,1219.0,616.0,672.0,616.0,649.0,2021-10-01
PINHAO,0.0,169.0,0.0,0.0,119.0,704.0,119.0,107.0,264.0,781.0,264.0,243.0,467.0,390.0,467.0,389.0,2021-10-01
AREIA BRANCA,0.0,239.0,0.0,0.0,672.0,2057.0,672.0,540.0,1589.0,2222.0,1589.0,1269.0,934.0,879.0,934.0,796.0,2021-10-01
MONTE ALEGRE DE SERGIPE,0.0,493.0,0.0,0.0,678.0,1344.0,678.0,383.0,1197.0,1503.0,1197.0,979.0,666.0,645.0,666.0,633.0,2021-10-01
RIACHAO DO DANTAS,0.0,358.0,0.0,0.0,754.0,1846.0,754.0,527.0,1820.0,2305.0,1820.0,1528.0,1241.0,1144.0,1241.0,1103.0,2021-10-01
ITAPORANGA D'AJUDA,0.0,602.0,0.0,1.0,1055.0,3449.0,1055.0,788.0,2439.0,4120.0,2439.0,2026.0,1832.0,1716.0,1832.0,1624.0,2021-10-01
NEOPOLIS,1.0,489.0,1.0,1.0,529.0,1710.0,529.0,468.0,1586.0,2137.0,1586.0,1312.0,1072.0,999.0,1072.0,936.0,2021-10-01
CEDRO DE SAO JOAO,0.0,120.0,0.0,0.0,299.0,495.0,299.0,184.0,608.0,721.0,608.0,546.0,414.0,374.0,414.0,338.0,2021-10-01
PORTO DA FOLHA,0.0,414.0,0.0,0.0,905.0,3035.0,905.0,592.0,2674.0,3419.0,2674.0,2514.0,1599.0,1504.0,1599.0,1501.0,2021-10-01
GARARU,0.0,249.0,0.0,0.0,390.0,1163.0,390.0,359.0,1018.0,1515.0,1018.0,968.0,688.0,737.0,688.0,715.0,2021-10-01
NOSSA SENHORA DAS DORES,2.0,475.0,2.0,1.0,1008.0,2667.0,1008.0,718.0,2386.0,3060.0,2386.0,1991.0,1685.0,1542.0,1685.0,1397.0,2021-10-01
PIRAMBU,0.0,156.0,0.0,0.0,502.0,874.0,502.0,398.0,909.0,1105.0,909.0,773.0,459.0,468.0,459.0,436.0,2021-10-01
INDIAROBA,1.0,668.0,1.0,1.0,570.0,1432.0,570.0,333.0,1341.0,1907.0,1341.0,1096.0,790.0,769.0,790.0,732.0,2021-10-01
AQUIDABA,0.0,601.0,0.0,0.0,699.0,1882.0,699.0,452.0,2054.0,2319.0,2054.0,1694.0,1401.0,1289.0,1401.0,1239.0,2021-10-01
ILHA DAS FLORES,0.0,50.0,0.0,0.0,472.0,821.0,472.0,323.0,757.0,893.0,757.0,631.0,502.0,433.0,502.0,393.0,2021-10-01
SAO CRISTOVAO,0.0,1.0,0.0,1.0,141.0,3140.0,141.0,132.0,698.0,2020.0,698.0,624.0,96.0,691.0,96.0,76.0,2021-10-01
MACAMBIRA,0.0,123.0,0.0,0.0,463.0,682.0,463.0,315.0,810.0,832.0,810.0,636.0,505.0,461.0,505.0,437.0,2021-10-01
ARAUA,0.0,69.0,0.0,0.0,403.0,1028.0,403.0,344.0,847.0,1352.0,847.0,758.0,648.0,622.0,648.0,565.0,2021-10-01
JAPARATUBA,0.0,533.0,0.0,0.0,542.0,1629.0,542.0,370.0,1535.0,2075.0,1535.0,1275.0,945.0,965.0,945.0,880.0,2021-10-01
MALHADOR,0.0,181.0,0.0,0.0,494.0,1195.0,494.0,321.0,1088.0,1522.0,1088.0,907.0,754.0,725.0,754.0,695.0,2021-10-01
NOSSA SENHORA APARECIDA,0.0,138.0,0.0,1.0,373.0,975.0,373.0,329.0,841.0,1199.0,841.0,759.0,512.0,670.0,512.0,567.0,2021-10-01
PROPRIA,0.0,74.0,0.0,0.0,179.0,1537.0,179.0,100.0,277.0,2838.0,277.0,194.0,744.0,1287.0,744.0,620.0,2021-10-01
POCO VERDE,0.0,493.0,0.0,0.0,706.0,2155.0,706.0,573.0,1575.0,2733.0,1575.0,1457.0,1342.0,1421.0,1342.0,1149.0,2021-10-01
CARIRA,0.0,207.0,0.0,0.0,482.0,1879.0,482.0,299.0,1542.0,2448.0,1542.0,1282.0,1405.0,1333.0,1405.0,1260.0,2021-10-01
BREJO GRANDE,0.0,1.0,0.0,0.0,197.0,615.0,197.0,133.0,262.0,777.0,262.0,206.0,313.0,310.0,313.0,238.0,2021-10-01
PEDRA MOLE,0.0,46.0,0.0,0.0,200.0,322.0,200.0,149.0,357.0,367.0,357.0,292.0,212.0,224.0,212.0,194.0,2021-10-01
BARRA DOS COQUEIROS,3.0,82.0,3.0,1.0,562.0,2975.0,562.0,515.0,2318.0,3984.0,2318.0,2003.0,1618.0,1256.0,1618.0,1233.0,2021-10-01
DIVINA PASTORA,0.0,142.0,0.0,0.0,311.0,467.0,311.0,239.0,510.0,599.0,510.0,444.0,241.0,249.0,241.0,224.0,2021-10-01
SANTA ROSA DE LIMA,0.0,111.0,0.0,0.0,153.0,355.0,153.0,96.0,417.0,486.0,417.0,341.0,244.0,235.0,244.0,227.0,2021-10-01
SANTANA DO SAO FRANCISCO,0.0,170.0,0.0,0.0,301.0,657.0,301.0,188.0,669.0,810.0,669.0,570.0,381.0,355.0,381.0,335.0,2021-10-01
PACATUBA,0.0,317.0,0.0,0.0,679.0,1469.0,679.0,455.0,1343.0,1681.0,1343.0,1217.0,746.0,748.0,746.0,703.0,2021-10-01
SALGADO,0.0,120.0,0.0,0.0,520.0,1849.0,520.0,384.0,1668.0,2488.0,1668.0,1387.0,1209.0,1156.0,1209.0,1070.0,2021-10-01
RIBEIROPOLIS,0.0,512.0,0.0,0.0,803.0,1908.0,803.0,799.0,1992.0,2222.0,1992.0,1628.0,1325.0,1204.0,1325.0,1120.0,2021-10-01
PEDRINHAS,0.0,288.0,0.0,0.0,276.0,763.0,276.0,199.0,733.0,995.0,733.0,571.0,529.0,428.0,529.0,381.0,2021-10-01
CAMPO DO BRITO,0.0,447.0,0.0,0.0,484.0,1723.0,484.0,351.0,1260.0,2161.0,1260.0,975.0,1279.0,1138.0,1279.0,987.0,2021-10-01
CRISTINAPOLIS,0.0,42.0,0.0,0.0,139.0,1044.0,139.0,78.0,532.0,1523.0,532.0,398.0,547.0,498.0,547.0,522.0,2021-10-01
CANHOBA,0.0,0.0,0.0,0.0,259.0,451.0,259.0,232.0,343.0,566.0,343.0,286.0,231.0,254.0,231.0,232.0,2021-10-01
MALHADA DOS BOIS,0.0,105.0,0.0,0.0,99.0,372.0,99.0,64.0,208.0,408.0,208.0,161.0,162.0,197.0,162.0,158.0,2021-10-01
CARMOPOLIS,0.0,400.0,0.0,0.0,464.0,1271.0,464.0,308.0,923.0,1594.0,923.0,741.0,367.0,485.0,367.0,294.0,2021-10-01
SIRIRI,0.0,173.0,0.0,0.0,460.0,809.0,460.0,334.0,849.0,963.0,849.0,759.0,490.0,484.0,490.0,427.0,2021-10-01
NOSSA SENHORA DE LOURDES,1.0,130.0,1.0,0.0,352.0,667.0,352.0,263.0,580.0,863.0,580.0,501.0,429.0,396.0,429.0,375.0,2021-10-01
ITABI,0.0,114.0,0.0,0.0,209.0,474.0,209.0,180.0,448.0,615.0,448.0,401.0,406.0,392.0,406.0,382.0,2021-10-01
SAO FRANCISCO,0.0,91.0,0.0,0.0,169.0,342.0,169.0,127.0,344.0,455.0,344.0,282.0,206.0,199.0,206.0,193.0,2021-10-01
UMBAUBA,0.0,0.0,0.0,0.0,102.0,73.0,102.0,44.0,680.0,845.0,680.0,611.0,1233.0,1084.0,1233.0,977.0,2021-10-01
ROSARIO DO CATETE,0.0,70.0,0.0,0.0,442.0,1273.0,442.0,292.0,883.0,1325.0,883.0,715.0,399.0,366.0,399.0,334.0,2021-10-01
CUMBE,0.0,80.0,0.0,0.0,204.0,419.0,204.0,177.0,438.0,524.0,438.0,384.0,274.0,236.0,274.0,217.0,2021-10-01
RIACHUELO,1.0,135.0,1.0,0.0,506.0,954.0,506.0,474.0,992.0,1140.0,992.0,841.0,430.0,368.0,430.0,321.0,2021-10-01
GENERAL MAYNARD,0.0,97.0,0.0,0.0,241.0,297.0,241.0,134.0,370.0,389.0,370.0,299.0,199.0,170.0,199.0,168.0,2021-10-01
MURIBECA,0.0,263.0,0.0,0.0,314.0,940.0,314.0,249.0,847.0,1031.0,847.0,625.0,523.0,506.0,523.0,442.0,2021-10-01
GRACHO CARDOSO,0.0,67.0,0.0,0.0,274.0,595.0,274.0,208.0,585.0,828.0,585.0,571.0,323.0,351.0,323.0,304.0,2021-10-01
FEIRA NOVA,0.0,2.0,0.0,0.0,295.0,568.0,295.0,223.0,496.0,629.0,496.0,401.0,335.0,296.0,335.0,281.0,2021-10-01
SAO DOMINGOS,0.0,96.0,0.0,0.0,213.0,887.0,213.0,163.0,608.0,1169.0,608.0,409.0,672.0,618.0,672.0,597.0,2021-10-01
TELHA,0.0,61.0,0.0,0.0,187.0,302.0,187.0,141.0,322.0,410.0,322.0,280.0,140.0,141.0,140.0,130.0,2021-10-01
SANTO AMARO DAS BROTAS,1.0,1.0,1.0,0.0,35.0,64.0,35.0,14.0,77.0,329.0,77.0,48.0,149.0,460.0,149.0,116.0,2021-10-01
AMPARO DE SAO FRANCISCO,0.0,25.0,0.0,0.0,157.0,244.0,157.0,132.0,284.0,304.0,284.0,253.0,141.0,132.0,141.0,119.0,2021-10-01
NOSSA SENHORA DO SOCORRO,0.0,147.0,0.0,0.0,2712.0,19612.0,2712.0,2352.0,11297.0,19241.0,11297.0,7989.0,7778.0,5883.0,7778.0,5629.0,2021-11-01
LAGARTO,0.0,661.0,0.0,1.0,3878.0,8515.0,3878.0,2443.0,8080.0,11976.0,8080.0,6314.0,5527.0,5417.0,5527.0,4436.0,2021-11-01
CANINDE DE SAO FRANCISCO,0.0,798.0,0.0,0.0,1103.0,2910.0,1103.0,709.0,2373.0,3139.0,2373.0,1884.0,1113.0,1205.0,1113.0,1071.0,2021-11-01
MARUIM,0.0,399.0,0.0,1.0,683.0,1462.0,683.0,467.0,1513.0,1801.0,1513.0,1163.0,852.0,796.0,852.0,636.0,2021-11-01
ARACAJU,72.0,18761.0,72.0,73.0,62568.0,72281.0,62568.0,46957.0,93005.0,78857.0,93005.0,69869.0,47928.0,36312.0,47928.0,30994.0,2021-11-01
TOBIAS BARRETO,2.0,1498.0,2.0,0.0,2362.0,5659.0,2362.0,2013.0,5235.0,6065.0,5235.0,4582.0,3495.0,3180.0,3495.0,2841.0,2021-11-01
LARANJEIRAS,2.0,290.0,2.0,0.0,864.0,2855.0,864.0,803.0,1396.0,3253.0,1396.0,1236.0,970.0,982.0,970.0,807.0,2021-11-01
CAPELA,2.0,1152.0,2.0,0.0,1774.0,3728.0,1774.0,1248.0,3609.0,4093.0,3609.0,3148.0,1688.0,1931.0,1688.0,1419.0,2021-11-01
ESTANCIA,0.0,391.0,0.0,1.0,2005.0,5527.0,2005.0,1383.0,6254.0,6827.0,6254.0,5128.0,4193.0,3599.0,4193.0,3349.0,2021-11-01
MOITA BONITA,1.0,348.0,1.0,1.0,807.0,1265.0,807.0,629.0,1519.0,1485.0,1519.0,1283.0,903.0,817.0,903.0,751.0,2021-11-01
TOMAR DO GERU,0.0,281.0,0.0,0.0,466.0,997.0,466.0,327.0,1106.0,1498.0,1106.0,979.0,651.0,644.0,651.0,574.0,2021-11-01
ITABAIANINHA,0.0,1467.0,0.0,1.0,2476.0,4302.0,2476.0,1854.0,4139.0,4651.0,4139.0,3485.0,2188.0,1990.0,2188.0,1879.0,2021-11-01
ITABAIANA,82.0,2114.0,82.0,73.0,7481.0,10579.0,7481.0,5916.0,12038.0,11629.0,12038.0,9818.0,6119.0,5989.0,6119.0,4690.0,2021-11-01
NOSSA SENHORA DA GLORIA,3.0,237.0,3.0,1.0,3626.0,4715.0,3626.0,2833.0,4583.0,4481.0,4583.0,3813.0,2031.0,2228.0,2031.0,1784.0,2021-11-01
FREI PAULO,0.0,341.0,0.0,0.0,1360.0,1860.0,1360.0,1030.0,1878.0,1815.0,1878.0,1524.0,949.0,1089.0,949.0,787.0,2021-11-01
SAO MIGUEL DO ALEIXO,0.0,91.0,0.0,0.0,379.0,462.0,379.0,300.0,501.0,448.0,501.0,392.0,315.0,309.0,315.0,249.0,2021-11-01
BOQUIM,2.0,795.0,2.0,4.0,742.0,2289.0,742.0,613.0,3085.0,3108.0,3085.0,2486.0,1285.0,1670.0,1285.0,1095.0,2021-11-01
JAPOATA,0.0,205.0,0.0,0.0,744.0,1305.0,744.0,580.0,1194.0,1597.0,1194.0,1063.0,725.0,742.0,725.0,661.0,2021-11-01
SIMAO DIAS,0.0,2.0,0.0,0.0,465.0,2455.0,465.0,246.0,916.0,3854.0,916.0,649.0,2307.0,2267.0,2307.0,1784.0,2021-11-01
POCO REDONDO,11.0,1351.0,11.0,15.0,1976.0,3445.0,1976.0,1261.0,3121.0,3531.0,3121.0,2725.0,1364.0,1732.0,1364.0,1267.0,2021-11-01
SANTA LUZIA DO ITANHY,0.0,423.0,0.0,1.0,1195.0,1500.0,1195.0,932.0,1540.0,1629.0,1540.0,1394.0,622.0,736.0,622.0,657.0,2021-11-01
PINHAO,0.0,201.0,0.0,0.0,149.0,710.0,149.0,132.0,288.0,786.0,288.0,268.0,467.0,392.0,467.0,389.0,2021-11-01
AREIA BRANCA,0.0,385.0,0.0,0.0,755.0,2104.0,755.0,600.0,1793.0,2264.0,1793.0,1458.0,941.0,935.0,941.0,800.0,2021-11-01
MONTE ALEGRE DE SERGIPE,0.0,554.0,0.0,0.0,839.0,1425.0,839.0,479.0,1363.0,1595.0,1363.0,1122.0,670.0,729.0,670.0,634.0,2021-11-01
RIACHAO DO DANTAS,0.0,415.0,0.0,0.0,928.0,1890.0,928.0,658.0,1933.0,2371.0,1933.0,1642.0,1242.0,1165.0,1242.0,1105.0,2021-11-01
ITAPORANGA D'AJUDA,0.0,998.0,0.0,2.0,1512.0,3649.0,1512.0,1278.0,3485.0,4335.0,3485.0,3032.0,1844.0,2040.0,1844.0,1647.0,2021-11-01
NEOPOLIS,1.0,499.0,1.0,1.0,565.0,1723.0,565.0,498.0,1721.0,2153.0,1721.0,1426.0,1076.0,1090.0,1076.0,939.0,2021-11-01
CEDRO DE SAO JOAO,1.0,150.0,1.0,0.0,329.0,520.0,329.0,209.0,651.0,750.0,651.0,589.0,415.0,387.0,415.0,339.0,2021-11-01
PORTO DA FOLHA,0.0,477.0,0.0,0.0,948.0,3046.0,948.0,635.0,2857.0,3434.0,2857.0,2689.0,1604.0,1505.0,1604.0,1504.0,2021-11-01
GARARU,0.0,373.0,0.0,0.0,554.0,1195.0,554.0,503.0,1291.0,1557.0,1291.0,1262.0,692.0,826.0,692.0,725.0,2021-11-01
NOSSA SENHORA DAS DORES,9.0,890.0,9.0,6.0,1591.0,2855.0,1591.0,1242.0,3040.0,3205.0,3040.0,2585.0,1712.0,1924.0,1712.0,1419.0,2021-11-01
PIRAMBU,0.0,182.0,0.0,1.0,593.0,884.0,593.0,454.0,1042.0,1115.0,1042.0,900.0,461.0,520.0,461.0,440.0,2021-11-01
INDIAROBA,1.0,727.0,1.0,1.0,703.0,1473.0,703.0,430.0,1530.0,1925.0,1530.0,1288.0,793.0,810.0,793.0,736.0,2021-11-01
AQUIDABA,0.0,728.0,0.0,0.0,971.0,2022.0,971.0,672.0,2317.0,2448.0,2317.0,1897.0,1414.0,1455.0,1414.0,1250.0,2021-11-01
ILHA DAS FLORES,0.0,125.0,0.0,0.0,554.0,847.0,554.0,391.0,905.0,929.0,905.0,747.0,503.0,501.0,503.0,399.0,2021-11-01
SAO CRISTOVAO,0.0,1.0,0.0,1.0,148.0,3141.0,148.0,137.0,701.0,2023.0,701.0,627.0,97.0,691.0,97.0,76.0,2021-11-01
MACAMBIRA,0.0,177.0,0.0,0.0,642.0,716.0,642.0,438.0,940.0,860.0,940.0,740.0,505.0,609.0,505.0,438.0,2021-11-01
ARAUA,0.0,144.0,0.0,0.0,461.0,1059.0,461.0,386.0,1140.0,1398.0,1140.0,1034.0,652.0,730.0,652.0,570.0,2021-11-01
JAPARATUBA,1.0,549.0,1.0,0.0,581.0,1646.0,581.0,384.0,1593.0,2089.0,1593.0,1320.0,947.0,978.0,947.0,880.0,2021-11-01
MALHADOR,0.0,346.0,0.0,0.0,607.0,1233.0,607.0,394.0,1478.0,1603.0,1478.0,1224.0,758.0,865.0,758.0,702.0,2021-11-01
NOSSA SENHORA APARECIDA,1.0,194.0,1.0,3.0,561.0,1001.0,561.0,456.0,1045.0,1228.0,1045.0,968.0,517.0,697.0,517.0,574.0,2021-11-01
PROPRIA,0.0,76.0,0.0,0.0,182.0,1538.0,182.0,112.0,286.0,2838.0,286.0,197.0,745.0,1287.0,745.0,620.0,2021-11-01
POCO VERDE,0.0,535.0,0.0,1.0,1021.0,2172.0,1021.0,772.0,1742.0,2795.0,1742.0,1597.0,1344.0,1428.0,1344.0,1149.0,2021-11-01
CARIRA,2.0,218.0,2.0,5.0,598.0,1900.0,598.0,384.0,1589.0,2460.0,1589.0,1332.0,1408.0,1366.0,1408.0,1262.0,2021-11-01
BREJO GRANDE,0.0,1.0,0.0,0.0,197.0,615.0,197.0,134.0,262.0,777.0,262.0,209.0,313.0,310.0,313.0,238.0,2021-11-01
PEDRA MOLE,1.0,48.0,1.0,0.0,278.0,338.0,278.0,237.0,376.0,372.0,376.0,327.0,212.0,239.0,212.0,195.0,2021-11-01
BARRA DOS COQUEIROS,4.0,184.0,4.0,2.0,752.0,2999.0,752.0,648.0,2579.0,4004.0,2579.0,2181.0,1621.0,1307.0,1621.0,1236.0,2021-11-01
DIVINA PASTORA,0.0,191.0,0.0,0.0,332.0,478.0,332.0,250.0,618.0,630.0,618.0,545.0,245.0,276.0,245.0,227.0,2021-11-01
SANTA ROSA DE LIMA,0.0,125.0,0.0,0.0,202.0,367.0,202.0,138.0,429.0,516.0,429.0,352.0,244.0,265.0,244.0,227.0,2021-11-01
SANTANA DO SAO FRANCISCO,0.0,203.0,0.0,0.0,545.0,682.0,545.0,331.0,775.0,845.0,775.0,669.0,384.0,386.0,384.0,336.0,2021-11-01
PACATUBA,1.0,577.0,1.0,0.0,1169.0,1557.0,1169.0,878.0,1601.0,1740.0,1601.0,1533.0,752.0,858.0,752.0,718.0,2021-11-01
SALGADO,0.0,629.0,0.0,0.0,787.0,1926.0,787.0,559.0,2221.0,2579.0,2221.0,1884.0,1219.0,1257.0,1219.0,1074.0,2021-11-01
RIBEIROPOLIS,1.0,560.0,1.0,1.0,1159.0,1970.0,1159.0,1044.0,2447.0,2303.0,2447.0,1983.0,1333.0,1557.0,1333.0,1130.0,2021-11-01
PEDRINHAS,0.0,311.0,0.0,0.0,343.0,780.0,343.0,239.0,829.0,1010.0,829.0,660.0,529.0,428.0,529.0,382.0,2021-11-01
CAMPO DO BRITO,0.0,553.0,0.0,0.0,961.0,1787.0,961.0,643.0,1625.0,2192.0,1625.0,1260.0,1285.0,1286.0,1285.0,992.0,2021-11-01
CRISTINAPOLIS,0.0,42.0,0.0,0.0,142.0,1045.0,142.0,79.0,534.0,1524.0,534.0,399.0,547.0,498.0,547.0,523.0,2021-11-01
CANHOBA,0.0,17.0,0.0,0.0,304.0,466.0,304.0,276.0,443.0,579.0,443.0,386.0,231.0,261.0,231.0,234.0,2021-11-01
MALHADA DOS BOIS,0.0,139.0,0.0,0.0,130.0,414.0,130.0,89.0,270.0,432.0,270.0,229.0,165.0,199.0,165.0,161.0,2021-11-01
CARMOPOLIS,0.0,429.0,0.0,0.0,570.0,1296.0,570.0,391.0,1033.0,1627.0,1033.0,868.0,369.0,516.0,369.0,297.0,2021-11-01
SIRIRI,1.0,262.0,1.0,0.0,620.0,864.0,620.0,482.0,998.0,1008.0,998.0,881.0,494.0,589.0,494.0,438.0,2021-11-01
NOSSA SENHORA DE LOURDES,1.0,181.0,1.0,0.0,374.0,677.0,374.0,287.0,630.0,880.0,630.0,559.0,429.0,401.0,429.0,376.0,2021-11-01
ITABI,0.0,114.0,0.0,0.0,216.0,475.0,216.0,184.0,472.0,618.0,472.0,417.0,406.0,417.0,406.0,382.0,2021-11-01
SAO FRANCISCO,0.0,107.0,0.0,0.0,213.0,356.0,213.0,165.0,431.0,478.0,431.0,377.0,207.0,250.0,207.0,195.0,2021-11-01
UMBAUBA,0.0,0.0,0.0,0.0,103.0,73.0,103.0,45.0,680.0,845.0,680.0,613.0,1233.0,1084.0,1233.0,977.0,2021-11-01
ROSARIO DO CATETE,0.0,127.0,0.0,0.0,632.0,1294.0,632.0,710.0,1063.0,1344.0,1063.0,974.0,402.0,378.0,402.0,334.0,2021-11-01
CUMBE,0.0,85.0,0.0,0.0,231.0,424.0,231.0,208.0,472.0,540.0,472.0,429.0,274.0,271.0,274.0,218.0,2021-11-01
RIACHUELO,1.0,226.0,1.0,0.0,646.0,980.0,646.0,576.0,1143.0,1191.0,1143.0,977.0,432.0,431.0,432.0,326.0,2021-11-01
GENERAL MAYNARD,0.0,102.0,0.0,0.0,329.0,309.0,329.0,220.0,425.0,409.0,425.0,342.0,204.0,226.0,204.0,169.0,2021-11-01
MURIBECA,0.0,292.0,0.0,0.0,639.0,1015.0,639.0,511.0,960.0,1086.0,960.0,758.0,529.0,594.0,529.0,446.0,2021-11-01
GRACHO CARDOSO,0.0,114.0,0.0,0.0,363.0,616.0,363.0,285.0,679.0,868.0,679.0,684.0,329.0,453.0,329.0,308.0,2021-11-01
FEIRA NOVA,0.0,45.0,0.0,0.0,319.0,573.0,319.0,240.0,628.0,642.0,628.0,485.0,338.0,302.0,338.0,287.0,2021-11-01
SAO DOMINGOS,0.0,110.0,0.0,0.0,288.0,903.0,288.0,192.0,670.0,1177.0,670.0,466.0,672.0,643.0,672.0,597.0,2021-11-01
TELHA,0.0,95.0,0.0,0.0,212.0,311.0,212.0,165.0,380.0,444.0,380.0,347.0,141.0,158.0,141.0,130.0,2021-11-01
SANTO AMARO DAS BROTAS,1.0,1.0,1.0,0.0,37.0,65.0,37.0,24.0,78.0,333.0,78.0,51.0,149.0,460.0,149.0,116.0,2021-11-01
AMPARO DE SAO FRANCISCO,0.0,30.0,0.0,0.0,239.0,252.0,239.0,210.0,315.0,319.0,315.0,290.0,144.0,149.0,144.0,122.0,2021-11-01
NOSSA SENHORA DO SOCORRO,0.0,147.0,0.0,0.0,2712.0,19612.0,2712.0,2352.0,11297.0,19241.0,11297.0,7989.0,7778.0,5883.0,7778.0,5629.0,2021-12-01
LAGARTO,0.0,662.0,0.0,1.0,3884.0,8515.0,3884.0,2453.0,8081.0,11976.0,8081.0,6319.0,5527.0,5419.0,5527.0,4436.0,2021-12-01
CANINDE DE SAO FRANCISCO,0.0,798.0,0.0,0.0,1103.0,2910.0,1103.0,709.0,2373.0,3139.0,2373.0,1884.0,1113.0,1205.0,1113.0,1071.0,2021-12-01
MARUIM,0.0,399.0,0.0,1.0,683.0,1462.0,683.0,467.0,1513.0,1801.0,1513.0,1163.0,852.0,796.0,852.0,636.0,2021-12-01
ARACAJU,72.0,18761.0,72.0,73.0,62568.0,72281.0,62568.0,46957.0,93005.0,78857.0,93005.0,69869.0,47928.0,36312.0,47928.0,30994.0,2021-12-01
TOBIAS BARRETO,2.0,1498.0,2.0,0.0,2362.0,5659.0,2362.0,2013.0,5235.0,6065.0,5235.0,4582.0,3495.0,3180.0,3495.0,2841.0,2021-12-01
LARANJEIRAS,2.0,290.0,2.0,0.0,864.0,2855.0,864.0,803.0,1396.0,3253.0,1396.0,1236.0,970.0,982.0,970.0,807.0,2021-12-01
CAPELA,2.0,1152.0,2.0,0.0,1774.0,3728.0,1774.0,1248.0,3609.0,4093.0,3609.0,3148.0,1688.0,1931.0,1688.0,1419.0,2021-12-01
ESTANCIA,0.0,391.0,0.0,1.0,2005.0,5527.0,2005.0,1383.0,6254.0,6827.0,6254.0,5128.0,4193.0,3599.0,4193.0,3349.0,2021-12-01
MOITA BONITA,1.0,348.0,1.0,1.0,807.0,1265.0,807.0,629.0,1519.0,1485.0,1519.0,1283.0,903.0,817.0,903.0,751.0,2021-12-01
TOMAR DO GERU,0.0,281.0,0.0,0.0,466.0,997.0,466.0,327.0,1106.0,1498.0,1106.0,979.0,651.0,644.0,651.0,574.0,2021-12-01
ITABAIANINHA,0.0,1467.0,0.0,1.0,2476.0,4302.0,2476.0,1854.0,4139.0,4651.0,4139.0,3485.0,2188.0,1990.0,2188.0,1879.0,2021-12-01
ITABAIANA,82.0,2114.0,82.0,73.0,7481.0,10579.0,7481.0,5916.0,12038.0,11629.0,12038.0,9818.0,6119.0,5989.0,6119.0,4690.0,2021-12-01
NOSSA SENHORA DA GLORIA,3.0,237.0,3.0,1.0,3626.0,4715.0,3626.0,2833.0,4583.0,4481.0,4583.0,3813.0,2031.0,2228.0,2031.0,1784.0,2021-12-01
FREI PAULO,0.0,341.0,0.0,0.0,1360.0,1860.0,1360.0,1030.0,1878.0,1815.0,1878.0,1524.0,949.0,1089.0,949.0,787.0,2021-12-01
SAO MIGUEL DO ALEIXO,0.0,91.0,0.0,0.0,379.0,462.0,379.0,300.0,501.0,448.0,501.0,392.0,315.0,309.0,315.0,249.0,2021-12-01
BOQUIM,2.0,795.0,2.0,4.0,742.0,2289.0,742.0,613.0,3085.0,3108.0,3085.0,2486.0,1285.0,1670.0,1285.0,1095.0,2021-12-01
JAPOATA,0.0,205.0,0.0,0.0,744.0,1305.0,744.0,580.0,1194.0,1597.0,1194.0,1063.0,725.0,742.0,725.0,661.0,2021-12-01
SIMAO DIAS,0.0,2.0,0.0,0.0,465.0,2455.0,465.0,246.0,916.0,3854.0,916.0,649.0,2307.0,2267.0,2307.0,1784.0,2021-12-01
POCO REDONDO,11.0,1351.0,11.0,15.0,1977.0,3445.0,1977.0,1261.0,3121.0,3531.0,3121.0,2725.0,1364.0,1732.0,1364.0,1267.0,2021-12-01
SANTA LUZIA DO ITANHY,0.0,423.0,0.0,1.0,1195.0,1500.0,1195.0,932.0,1540.0,1629.0,1540.0,1394.0,622.0,736.0,622.0,657.0,2021-12-01
PINHAO,0.0,201.0,0.0,0.0,149.0,710.0,149.0,132.0,288.0,786.0,288.0,268.0,467.0,392.0,467.0,389.0,2021-12-01
AREIA BRANCA,0.0,385.0,0.0,0.0,755.0,2104.0,755.0,600.0,1793.0,2264.0,1793.0,1458.0,941.0,935.0,941.0,800.0,2021-12-01
MONTE ALEGRE DE SERGIPE,0.0,554.0,0.0,0.0,839.0,1425.0,839.0,479.0,1363.0,1595.0,1363.0,1122.0,670.0,729.0,670.0,634.0,2021-12-01
RIACHAO DO DANTAS,0.0,415.0,0.0,0.0,928.0,1890.0,928.0,658.0,1933.0,2371.0,1933.0,1642.0,1242.0,1165.0,1242.0,1105.0,2021-12-01
ITAPORANGA D'AJUDA,0.0,998.0,0.0,2.0,1512.0,3649.0,1512.0,1278.0,3485.0,4335.0,3485.0,3032.0,1844.0,2040.0,1844.0,1647.0,2021-12-01
NEOPOLIS,1.0,499.0,1.0,1.0,565.0,1723.0,565.0,498.0,1721.0,2153.0,1721.0,1426.0,1076.0,1090.0,1076.0,939.0,2021-12-01
CEDRO DE SAO JOAO,1.0,150.0,1.0,0.0,329.0,520.0,329.0,209.0,651.0,750.0,651.0,589.0,415.0,387.0,415.0,339.0,2021-12-01
PORTO DA FOLHA,0.0,477.0,0.0,0.0,948.0,3046.0,948.0,635.0,2857.0,3434.0,2857.0,2689.0,1604.0,1505.0,1604.0,1504.0,2021-12-01
GARARU,0.0,373.0,0.0,0.0,554.0,1195.0,554.0,503.0,1291.0,1557.0,1291.0,1262.0,692.0,826.0,692.0,725.0,2021-12-01
NOSSA SENHORA DAS DORES,9.0,891.0,9.0,6.0,1611.0,2856.0,1611.0,1259.0,3045.0,3205.0,3045.0,2593.0,1712.0,1925.0,1712.0,1419.0,2021-12-01
PIRAMBU,0.0,182.0,0.0,1.0,593.0,884.0,593.0,454.0,1042.0,1115.0,1042.0,900.0,461.0,520.0,461.0,440.0,2021-12-01
INDIAROBA,1.0,727.0,1.0,1.0,703.0,1473.0,703.0,430.0,1530.0,1925.0,1530.0,1288.0,793.0,810.0,793.0,736.0,2021-12-01
AQUIDABA,0.0,728.0,0.0,0.0,971.0,2022.0,971.0,672.0,2317.0,2448.0,2317.0,1897.0,1414.0,1455.0,1414.0,1250.0,2021-12-01
ILHA DAS FLORES,0.0,125.0,0.0,0.0,554.0,847.0,554.0,391.0,905.0,929.0,905.0,747.0,503.0,501.0,503.0,399.0,2021-12-01
SAO CRISTOVAO,0.0,1.0,0.0,1.0,148.0,3141.0,148.0,137.0,701.0,2023.0,701.0,627.0,97.0,691.0,97.0,76.0,2021-12-01
MACAMBIRA,0.0,177.0,0.0,0.0,645.0,716.0,645.0,443.0,940.0,860.0,940.0,742.0,505.0,615.0,505.0,438.0,2021-12-01
ARAUA,0.0,144.0,0.0,0.0,461.0,1059.0,461.0,386.0,1140.0,1398.0,1140.0,1034.0,652.0,730.0,652.0,570.0,2021-12-01
JAPARATUBA,1.0,549.0,1.0,0.0,581.0,1646.0,581.0,384.0,1593.0,2089.0,1593.0,1320.0,947.0,978.0,947.0,880.0,2021-12-01
MALHADOR,0.0,346.0,0.0,0.0,607.0,1233.0,607.0,394.0,1478.0,1603.0,1478.0,1224.0,758.0,865.0,758.0,702.0,2021-12-01
NOSSA SENHORA APARECIDA,1.0,194.0,1.0,3.0,561.0,1001.0,561.0,456.0,1045.0,1228.0,1045.0,968.0,517.0,697.0,517.0,574.0,2021-12-01
PROPRIA,0.0,76.0,0.0,0.0,182.0,1538.0,182.0,112.0,286.0,2838.0,286.0,197.0,745.0,1287.0,745.0,620.0,2021-12-01
POCO VERDE,0.0,535.0,0.0,1.0,1021.0,2172.0,1021.0,772.0,1742.0,2795.0,1742.0,1597.0,1344.0,1428.0,1344.0,1149.0,2021-12-01
CARIRA,2.0,218.0,2.0,5.0,598.0,1900.0,598.0,384.0,1589.0,2460.0,1589.0,1332.0,1408.0,1366.0,1408.0,1262.0,2021-12-01
BREJO GRANDE,0.0,1.0,0.0,0.0,197.0,615.0,197.0,134.0,262.0,777.0,262.0,209.0,313.0,310.0,313.0,238.0,2021-12-01
PEDRA MOLE,1.0,48.0,1.0,0.0,278.0,338.0,278.0,237.0,376.0,372.0,376.0,327.0,212.0,239.0,212.0,195.0,2021-12-01
BARRA DOS COQUEIROS,4.0,184.0,4.0,2.0,752.0,2999.0,752.0,648.0,2579.0,4004.0,2579.0,2181.0,1621.0,1307.0,1621.0,1236.0,2021-12-01
DIVINA PASTORA,0.0,191.0,0.0,0.0,332.0,478.0,332.0,250.0,618.0,630.0,618.0,545.0,245.0,276.0,245.0,227.0,2021-12-01
SANTA ROSA DE LIMA,0.0,125.0,0.0,0.0,202.0,367.0,202.0,138.0,429.0,516.0,429.0,352.0,244.0,265.0,244.0,227.0,2021-12-01
SANTANA DO SAO FRANCISCO,0.0,203.0,0.0,0.0,545.0,682.0,545.0,331.0,775.0,845.0,775.0,669.0,384.0,386.0,384.0,336.0,2021-12-01
PACATUBA,1.0,577.0,1.0,0.0,1169.0,1557.0,1169.0,878.0,1601.0,1740.0,1601.0,1533.0,752.0,858.0,752.0,718.0,2021-12-01
SALGADO,0.0,629.0,0.0,0.0,787.0,1926.0,787.0,559.0,2221.0,2579.0,2221.0,1884.0,1219.0,1257.0,1219.0,1074.0,2021-12-01
RIBEIROPOLIS,1.0,560.0,1.0,1.0,1159.0,1970.0,1159.0,1044.0,2447.0,2303.0,2447.0,1983.0,1333.0,1557.0,1333.0,1130.0,2021-12-01
PEDRINHAS,0.0,311.0,0.0,0.0,343.0,780.0,343.0,239.0,829.0,1010.0,829.0,660.0,529.0,428.0,529.0,382.0,2021-12-01
CAMPO DO BRITO,0.0,553.0,0.0,0.0,961.0,1787.0,961.0,643.0,1626.0,2192.0,1626.0,1260.0,1285.0,1286.0,1285.0,992.0,2021-12-01
CRISTINAPOLIS,0.0,42.0,0.0,0.0,142.0,1045.0,142.0,79.0,534.0,1524.0,534.0,399.0,547.0,498.0,547.0,523.0,2021-12-01
CANHOBA,0.0,17.0,0.0,0.0,304.0,466.0,304.0,276.0,443.0,579.0,443.0,386.0,231.0,261.0,231.0,234.0,2021-12-01
MALHADA DOS BOIS,0.0,139.0,0.0,0.0,130.0,414.0,130.0,89.0,270.0,432.0,270.0,229.0,165.0,199.0,165.0,161.0,2021-12-01
CARMOPOLIS,0.0,429.0,0.0,0.0,570.0,1296.0,570.0,391.0,1033.0,1627.0,1033.0,868.0,369.0,516.0,369.0,297.0,2021-12-01
SIRIRI,1.0,262.0,1.0,0.0,620.0,864.0,620.0,482.0,998.0,1008.0,998.0,881.0,494.0,589.0,494.0,438.0,2021-12-01
NOSSA SENHORA DE LOURDES,1.0,181.0,1.0,0.0,374.0,677.0,374.0,287.0,630.0,880.0,630.0,559.0,429.0,401.0,429.0,376.0,2021-12-01
ITABI,0.0,114.0,0.0,0.0,216.0,475.0,216.0,184.0,472.0,618.0,472.0,417.0,406.0,417.0,406.0,382.0,2021-12-01
SAO FRANCISCO,0.0,107.0,0.0,0.0,213.0,356.0,213.0,165.0,431.0,478.0,431.0,377.0,207.0,250.0,207.0,195.0,2021-12-01
UMBAUBA,0.0,0.0,0.0,0.0,103.0,73.0,103.0,45.0,680.0,845.0,680.0,613.0,1233.0,1084.0,1233.0,977.0,2021-12-01
ROSARIO DO CATETE,0.0,127.0,0.0,0.0,632.0,1294.0,632.0,710.0,1063.0,1344.0,1063.0,974.0,402.0,378.0,402.0,334.0,2021-12-01
CUMBE,0.0,85.0,0.0,0.0,231.0,424.0,231.0,208.0,472.0,540.0,472.0,429.0,274.0,271.0,274.0,218.0,2021-12-01
RIACHUELO,1.0,228.0,1.0,0.0,646.0,980.0,646.0,576.0,1143.0,1191.0,1143.0,977.0,432.0,431.0,432.0,326.0,2021-12-01
GENERAL MAYNARD,0.0,102.0,0.0,0.0,329.0,309.0,329.0,220.0,425.0,409.0,425.0,342.0,204.0,226.0,204.0,169.0,2021-12-01
MURIBECA,0.0,292.0,0.0,0.0,639.0,1015.0,639.0,511.0,960.0,1086.0,960.0,758.0,529.0,594.0,529.0,446.0,2021-12-01
GRACHO CARDOSO,0.0,114.0,0.0,0.0,363.0,616.0,363.0,285.0,679.0,868.0,679.0,684.0,329.0,453.0,329.0,308.0,2021-12-01
FEIRA NOVA,0.0,45.0,0.0,0.0,319.0,573.0,319.0,240.0,628.0,642.0,628.0,485.0,338.0,302.0,338.0,287.0,2021-12-01
SAO DOMINGOS,0.0,110.0,0.0,0.0,288.0,903.0,288.0,192.0,670.0,1177.0,670.0,466.0,672.0,643.0,672.0,597.0,2021-12-01
TELHA,0.0,95.0,0.0,0.0,212.0,311.0,212.0,165.0,380.0,444.0,380.0,347.0,141.0,158.0,141.0,130.0,2021-12-01
SANTO AMARO DAS BROTAS,1.0,1.0,1.0,0.0,37.0,65.0,37.0,24.0,78.0,333.0,78.0,51.0,149.0,460.0,149.0,116.0,2021-12-01
AMPARO DE SAO FRANCISCO,0.0,30.0,0.0,0.0,239.0,252.0,239.0,210.0,315.0,319.0,315.0,290.0,144.0,149.0,144.0,122.0,2021-12-01
